State,State Code,District,Party,Candidate,Incumbent,Votes,Pct%,Elected,Won Party
Alabama,AL,1st,Republician,Carl,Incumbent,139854,84.20%,TRUE,Republician
Alabama,AL,1st,Libertarian Party,Remrey,/,26197,15.80%,FALSE,Republician
Alabama,AL,2nd,Republician,Moore,Incumbent,137193,69.20%,TRUE,Republician
Alabama,AL,2nd,Democratic,Harvey-Hall,/,57800,29.10%,FALSE,Republician
Alabama,AL,2nd,Libertarian Party,Realz,/,3380,1.70%,FALSE,Republician
Alabama,AL,3rd,Republician,Rogers,Incumbent,135448,71.30%,TRUE,Republician
Alabama,AL,3rd,Democratic,Veasey,/,47770,25.10%,FALSE,Republician
Alabama,AL,3rd,Other Party,Bell,/,3826,2.00%,FALSE,Republician
Alabama,AL,3rd,Libertarian Party,Casson,/,3027,1.60%,FALSE,Republician
Alabama,AL,4th,Republician,Aderholt,Incumbent,164371,84.20%,TRUE,Republician
Alabama,AL,4th,Democratic,Neighbors,/,26628,13.60%,FALSE,Republician
Alabama,AL,4th,Libertarian Party,Cochran,/,4294,2.20%,FALSE,Republician
Alabama,AL,5th,Republician,Strong,/,141988,67.20%,TRUE,Republician
Alabama,AL,5th,Democratic,Warner-Stanton,/,62466,29.60%,FALSE,Republician
Alabama,AL,5th,Libertarian Party,Greer,/,6740,3.20%,FALSE,Republician
Alabama,AL,6th,Republician,Palmer,Incumbent,154058,84.70%,TRUE,Republician
Alabama,AL,6th,Libertarian Party,Chieffo,/,27792,15.30%,FALSE,Republician
Alabama,AL,7th,Democratic,Sewell,Incumbent,123060,63.60%,TRUE,Democratic
Alabama,AL,7th,Republician,Nichols,/,67353,34.80%,FALSE,Democratic
Alabama,AL,7th,Libertarian Party,Goodman,/,3207,1.70%,FALSE,Democratic
Alaska,AK,At Large,Democratic,Mary Peltola,Incumbent,136893,54.90%,TRUE,Democratic
Alaska,AK,At Large,Republician,Sarah Palin,/,112255,45.10%,FALSE,Democratic
Alaska,AK,At Large,Republician,Nick Begich,/,0,0.00%,FALSE,Democratic
Alaska,AK,At Large,Libertarian Party,Chris Bye,/,0,0.00%,FALSE,Democratic
Alaska,AK,At Large,Other Party,Total Write-Ins,/,0,0.00%,FALSE,Democratic
Arizona,AZ,1st,Republician,Schweikert,Incumbent,182336,50.40%,TRUE,Republician
Arizona,AZ,1st,Democratic,Hodge,/,179141,49.60%,FALSE,Republician
Arizona,AZ,2nd,Republician,Crane,/,174169,53.90%,TRUE,Republician
Arizona,AZ,2nd,Democratic,O'Halleran,Incumbent,149150,46.10%,FALSE,Republician
Arizona,AZ,3rd,Democratic,Gallego,Incumbent,108599,77.00%,TRUE,Democratic
Arizona,AZ,3rd,Republician,Zink,/,32475,23.00%,FALSE,Democratic
Arizona,AZ,4th,Democratic,Stanton,Incumbent,148941,56.10%,TRUE,Democratic
Arizona,AZ,4th,Republician,Cooper,/,116521,43.90%,FALSE,Democratic
Arizona,AZ,5th,Republician,Biggs,Incumbent,182464,56.70%,TRUE,Republician
Arizona,AZ,5th,Democratic,Ramos,/,120243,37.40%,FALSE,Republician
Arizona,AZ,5th,Independent Party,Smith,/,18851,5.90%,FALSE,Republician
Arizona,AZ,6th,Republician,Ciscomani,/,177201,50.70%,TRUE,Republician
Arizona,AZ,6th,Democratic,Engel,/,171969,49.30%,FALSE,Republician
Arizona,AZ,7th,Democratic,Grijalva,Incumbent,126418,64.50%,TRUE,Democratic
Arizona,AZ,7th,Republician,Pozzolo,/,69444,35.50%,FALSE,Democratic
Arizona,AZ,8th,Republician,Lesko,Incumbent,0,0%,TRUE,Republician
Arizona,AZ,9th,Republician,Gosar,Incumbent,0,0%,TRUE,Republician
Arkansas,AR,1st,Republician,Crawford,Incumbent,152933,73.80%,TRUE,Republician
Arkansas,AR,1st,Democratic,Hodges,/,54240,26.20%,FALSE,Republician
Arkansas,AR,2nd,Republician,Hill,Incumbent,147700,60.10%,TRUE,Republician
Arkansas,AR,2nd,Democratic,Hathaway,/,86553,35.20%,FALSE,Republician
Arkansas,AR,2nd,Libertarian Party,White,/,11564,4.70%,FALSE,Republician
Arkansas,AR,3rd,Republician,Womack,Incumbent,142270,63.70%,TRUE,Republician
Arkansas,AR,3rd,Democratic,Mallett-Hays,/,73446,32.90%,FALSE,Republician
Arkansas,AR,3rd,Libertarian Party,Kalagias,/,7637,3.40%,FALSE,Republician
Arkansas,AR,4th,Republician,Westerman,Incumbent,153694,71.00%,TRUE,Republician
Arkansas,AR,4th,Democratic,White,/,56661,26.20%,FALSE,Republician
Arkansas,AR,4th,Libertarian Party,Maxwell,/,6087,2.80%,FALSE,Republician
California,CA,1st,Republician,LaMalfa,Incumbent,152839,62.10%,TRUE,Republician
California,CA,1st,Democratic,Steiner,/,93386,37.90%,FALSE,Republician
California,CA,2nd,Democratic,Huffman,Incumbent,229720,74.40%,TRUE,Democratic
California,CA,2nd,Republician,Brower,/,79029,25.60%,FALSE,Democratic
California,CA,3rd,Republician,Kiley,/,181438,53.60%,TRUE,Republician
California,CA,3rd,Democratic,Jones,/,156761,46.40%,FALSE,Republician
California,CA,4th,Democratic,Thompson,Incumbent,176900,67.80%,TRUE,Democratic
California,CA,4th,Republician,Brock,/,84007,32.20%,FALSE,Democratic
California,CA,5th,Republician,McClintock,Incumbent,173524,61.30%,TRUE,Republician
California,CA,5th,Democratic,Barkley,/,109506,38.70%,FALSE,Republician
California,CA,6th,Democratic,Bera,Incumbent,121058,55.90%,TRUE,Democratic
California,CA,6th,Republician,Hamilton,/,95325,44.10%,FALSE,Democratic
California,CA,7th,Democratic,Matsui,Incumbent,150618,68.30%,TRUE,Democratic
California,CA,7th,Republician,Semenenko,/,70033,31.70%,FALSE,Democratic
California,CA,8th,Democratic,Garamendi,Incumbent,145501,75.70%,TRUE,Democratic
California,CA,8th,Republician,Recile,/,46634,24.30%,FALSE,Democratic
California,CA,9th,Democratic,Harder,Incumbent,95598,54.80%,TRUE,Democratic
California,CA,9th,Republician,Patti,/,78802,45.20%,FALSE,Democratic
California,CA,10th,Democratic,DeSaulnier,Incumbent,198415,78.90%,TRUE,Democratic
California,CA,10th,Green Party,Kerr,/,52965,21.10%,FALSE,Democratic
California,CA,11th,Democratic,Pelosi,Incumbent,220848,84.00%,TRUE,Democratic
California,CA,11th,Republician,Dennis,/,42217,16.00%,FALSE,Democratic
California,CA,12th,Democratic,Lee,Incumbent,217110,90.50%,TRUE,Democratic
California,CA,12th,Republician,Slauson,/,22859,9.50%,FALSE,Democratic
California,CA,13th,Republician,Duarte,/,67060,50.20%,TRUE,Republician
California,CA,13th,Democratic,Gray,/,66496,49.80%,FALSE,Republician
California,CA,14th,Democratic,Swalwell,Incumbent,137612,69.30%,TRUE,Democratic
California,CA,14th,Republician,Hayden,/,60852,30.70%,FALSE,Democratic
California,CA,15th,Democratic,Mullin,/,108077,55.50%,TRUE,Democratic
California,CA,15th,Democratic,Canepa,/,86797,44.50%,FALSE,Democratic
California,CA,16th,Democratic,Eshoo,Incumbent,139235,57.80%,TRUE,Democratic
California,CA,16th,Democratic,Kumar,/,101772,42.20%,FALSE,Democratic
California,CA,17th,Democratic,Khanna,Incumbent,127853,70.90%,TRUE,Democratic
California,CA,17th,Republician,Tandon,/,52400,29.10%,FALSE,Democratic
California,CA,18th,Democratic,Lofgren,Incumbent,99776,65.90%,TRUE,Democratic
California,CA,18th,Republician,Hernandez,/,51737,34.10%,FALSE,Democratic
California,CA,19th,Democratic,Panetta,Incumbent,194494,68.70%,TRUE,Democratic
California,CA,19th,Republician,Gorman,/,88816,31.30%,FALSE,Democratic
California,CA,20th,Republician,McCarthy,Incumbent,153844,67.20%,TRUE,Republician
California,CA,20th,Democratic,Wood,/,74932,32.80%,FALSE,Republician
California,CA,21st,Democratic,Costa,Incumbent,68074,54.20%,TRUE,Democratic
California,CA,21st,Republician,Maher,/,57573,45.80%,FALSE,Democratic
California,CA,22nd,Republician,Valadao,Incumbent,52993,51.50%,TRUE,Republician
California,CA,22nd,Democratic,Salas,/,49859,48.50%,FALSE,Republician
California,CA,23rd,Republician,Obernolte,Incumbent,103197,61.00%,TRUE,Republician
California,CA,23rd,Democratic,Marshall,/,65908,39.00%,FALSE,Republician
California,CA,24th,Democratic,Carbajal,Incumbent,159019,60.60%,TRUE,Democratic
California,CA,24th,Republician,Allen,/,103533,39.40%,FALSE,Democratic
California,CA,25th,Democratic,Ruiz,Incumbent,87641,57.40%,TRUE,Democratic
California,CA,25th,Republician,Hawkins,/,65101,42.60%,FALSE,Democratic
California,CA,26th,Democratic,Brownley,Incumbent,134575,54.50%,TRUE,Democratic
California,CA,26th,Republician,Jacobs,/,112214,45.50%,FALSE,Democratic
California,CA,27th,Republician,Garcia,Incumbent,104624,53.20%,TRUE,Republician
California,CA,27th,Democratic,Smith,/,91892,46.80%,FALSE,Republician
California,CA,28th,Democratic,Chu,Incumbent,150062,66.20%,TRUE,Democratic
California,CA,28th,Republician,Hallman,/,76495,33.80%,FALSE,Democratic
California,CA,29th,Democratic,Cardenas,Incumbent,69915,58.50%,TRUE,Democratic
California,CA,29th,Democratic,Duenas,/,49520,41.50%,FALSE,Democratic
California,CA,30th,Democratic,Schiff,Incumbent,150100,71.10%,TRUE,Democratic
California,CA,30th,Democratic,Pudlo,/,60968,28.90%,FALSE,Democratic
California,CA,31st,Democratic,Napolitano,Incumbent,91472,59.50%,TRUE,Democratic
California,CA,31st,Republician,Martinez,/,62153,40.50%,FALSE,Democratic
California,CA,32nd,Democratic,Sherman,Incumbent,167411,69.20%,TRUE,Democratic
California,CA,32nd,Republician,Volotzky,/,74618,30.80%,FALSE,Democratic
California,CA,33rd,Democratic,Aguilar,Incumbent,76588,57.70%,TRUE,Democratic
California,CA,33rd,Republician,Porter,/,56119,42.30%,FALSE,Democratic
California,CA,34th,Democratic,Gomez,Incumbent,62244,51.20%,TRUE,Democratic
California,CA,34th,Democratic,Kim,/,59223,48.80%,FALSE,Democratic
California,CA,35th,Democratic,Torres,Incumbent,75121,57.40%,TRUE,Democratic
California,CA,35th,Republician,Cargile,/,55832,42.60%,FALSE,Democratic
California,CA,36th,Democratic,Lieu,Incumbent,194299,69.80%,TRUE,Democratic
California,CA,36th,Republician,Collins,/,84264,30.20%,FALSE,Democratic
California,CA,37th,Democratic,Kamlager,/,84338,64.00%,TRUE,Democratic
California,CA,37th,Democratic,Perry,/,47542,36.00%,FALSE,Democratic
California,CA,38th,Democratic,Sanchez,Incumbent,101260,58.10%,TRUE,Democratic
California,CA,38th,Republician,Ching,/,73051,41.90%,FALSE,Democratic
California,CA,39th,Democratic,Takano,Incumbent,75896,57.70%,TRUE,Democratic
California,CA,39th,Republician,Smith,/,55701,42.30%,FALSE,Democratic
California,CA,40th,Republician,Kim,Incumbent,161589,56.80%,TRUE,Republician
California,CA,40th,Democratic,Mahmood,/,122722,43.20%,FALSE,Republician
California,CA,41st,Republician,Calvert,Incumbent,123869,52.30%,TRUE,Republician
California,CA,41st,Democratic,Rollins,/,112769,47.70%,FALSE,Republician
California,CA,42nd,Democratic,Garcia,/,99217,68.40%,TRUE,Democratic
California,CA,42nd,Republician,Briscoe,/,45903,31.60%,FALSE,Democratic
California,CA,43rd,Democratic,Waters,Incumbent,95462,77.30%,TRUE,Democratic
California,CA,43rd,Republician,Navarro,/,27985,22.70%,FALSE,Democratic
California,CA,44th,Democratic,Barragan,Incumbent,100160,72.20%,TRUE,Democratic
California,CA,44th,Republician,Jones,/,38554,27.80%,FALSE,Democratic
California,CA,45th,Republician,Steel,Incumbent,113960,52.40%,TRUE,Republician
California,CA,45th,Democratic,Chen,/,103466,47.60%,FALSE,Republician
California,CA,46th,Democratic,Correa,Incumbent,78041,61.80%,TRUE,Democratic
California,CA,46th,Republician,Gonzales,/,48257,38.20%,FALSE,Democratic
California,CA,47th,Democratic,Porter,Incumbent,137374,51.70%,TRUE,Democratic
California,CA,47th,Republician,Baugh,/,128261,48.30%,FALSE,Democratic
California,CA,48th,Republician,Issa,Incumbent,155171,60.40%,TRUE,Republician
California,CA,48th,Democratic,Houlahan,/,101900,39.60%,FALSE,Republician
California,CA,49th,Democratic,Levin,Incumbent,153541,52.60%,TRUE,Democratic
California,CA,49th,Republician,Maryott,/,138194,47.40%,FALSE,Democratic
California,CA,50th,Democratic,Peters,Incumbent,168816,62.80%,TRUE,Democratic
California,CA,50th,Republician,Gustafson,/,99819,37.20%,FALSE,Democratic
California,CA,51st,Democratic,Jacobs,Incumbent,144186,61.90%,TRUE,Democratic
California,CA,51st,Republician,Caplan,/,88886,38.10%,FALSE,Democratic
California,CA,52nd,Democratic,Vargas,Incumbent,100686,66.70%,TRUE,Democratic
California,CA,52nd,Republician,Geffeney,/,50330,33.30%,FALSE,Democratic
Colorado,CO,1st,Democratic,DeGette,Incumbent,226929,80.30%,TRUE,Democratic
Colorado,CO,1st,Republician,Qualteri,/,49530,17.50%,FALSE,Democratic
Colorado,CO,1st,Libertarian Party,Kittleson,/,6157,2.20%,FALSE,Democratic
Colorado,CO,2nd,Democratic,Neguse,Incumbent,244107,70.00%,TRUE,Democratic
Colorado,CO,2nd,Republician,Dawson,/,97700,28.00%,FALSE,Democratic
Colorado,CO,2nd,Other Party,Yurash,/,2876,0.80%,FALSE,Democratic
Colorado,CO,2nd,Other Party,Nation,/,2188,0.60%,FALSE,Democratic
Colorado,CO,2nd,Other Party,Wolf,/,1968,0.60%,FALSE,Democratic
Colorado,CO,3rd,Republician,Boebert,Incumbent,163839,50.10%,TRUE,Republician
Colorado,CO,3rd,Democratic,Frisch,/,163293,49.90%,FALSE,Republician
Colorado,CO,4th,Republician,Buck,Incumbent,216024,60.90%,TRUE,Republician
Colorado,CO,4th,Democratic,McCorkle,/,129619,36.60%,FALSE,Republician
Colorado,CO,4th,Other Party,McGonigal,/,8870,2.50%,FALSE,Republician
Colorado,CO,5th,Republician,Lamborn,Incumbent,155528,56.00%,TRUE,Republician
Colorado,CO,5th,Democratic,Torres,/,111978,40.30%,FALSE,Republician
Colorado,CO,5th,Libertarian Party,Flanagan,/,7079,2.50%,FALSE,Republician
Colorado,CO,5th,Other Party,Mitchell,/,3370,1.20%,FALSE,Republician
Colorado,CO,6th,Democratic,Crow,Incumbent,170140,60.60%,TRUE,Democratic
Colorado,CO,6th,Republician,Monahan,/,105084,37.40%,FALSE,Democratic
Colorado,CO,6th,Libertarian Party,Mulder,/,5531,2.00%,FALSE,Democratic
Colorado,CO,7th,Democratic,Pettersen,/,204984,56.40%,TRUE,Democratic
Colorado,CO,7th,Republician,Aadland,/,150510,41.40%,FALSE,Democratic
Colorado,CO,7th,Libertarian Party,Klopf,/,6187,1.70%,FALSE,Democratic
Colorado,CO,7th,Other Party,Milton,/,1828,0.50%,FALSE,Democratic
Colorado,CO,8th,Democratic,Caraveo,/,114377,48.40%,TRUE,Democratic
Colorado,CO,8th,Republician,Kirkmeyer,/,112745,47.70%,FALSE,Democratic
Colorado,CO,8th,Libertarian Party,Ward,/,9280,3.90%,FALSE,Democratic
Connecticut,CT,1st,Democratic,Larson,Incumbent,150355,61.40%,TRUE,Democratic
Connecticut,CT,1st,Republician,Lazor,/,91536,37.40%,FALSE,Democratic
Connecticut,CT,1st,Green Party,Sanders,/,2848,1.20%,FALSE,Democratic
Connecticut,CT,2nd,Democratic,Courtney,Incumbent,165947,58.20%,TRUE,Democratic
Connecticut,CT,2nd,Republician,France,/,114504,40.20%,FALSE,Democratic
Connecticut,CT,2nd,Green Party,Blacker,/,2437,0.90%,FALSE,Democratic
Connecticut,CT,2nd,Libertarian Party,Hall,/,2140,0.80%,FALSE,Democratic
Connecticut,CT,3rd,Democratic,DeLauro,Incumbent,137924,56.80%,TRUE,Democratic
Connecticut,CT,3rd,Republician,DeNardis,/,98704,40.70%,FALSE,Democratic
Connecticut,CT,3rd,Independent Party,Chai,/,4056,1.70%,FALSE,Democratic
Connecticut,CT,3rd,Green Party,Paglino,/,1967,0.80%,FALSE,Democratic
Connecticut,CT,4th,Democratic,Himes,Incumbent,140246,59.50%,TRUE,Democratic
Connecticut,CT,4th,Republician,Stevenson,/,95518,40.50%,FALSE,Democratic
Connecticut,CT,5th,Democratic,Hayes,Incumbent,127795,50.40%,TRUE,Democratic
Connecticut,CT,5th,Republician,Logan,/,125834,49.60%,FALSE,Democratic
Delaware,DE,At Large,Democratic,Lisa Rochester,Incumbent,178416,55.50%,TRUE,Democratic
Delaware,DE,At Large,Republician,Lee Murphy,/,138201,43.00%,FALSE,Democratic
Delaware,DE,At Large,Libertarian Party,Cody McNutt,/,3074,1.00%,FALSE,Democratic
Delaware,DE,At Large,Other Party,David Rogers,/,1958,0.60%,FALSE,Democratic
Florida,FL,1st,Republician,Gaetz,Incumbent,197320,67.90%,TRUE,Republician
Florida,FL,1st,Democratic,Jones,/,93416,32.10%,FALSE,Republician
Florida,FL,2nd,Republician,Dunn,Incumbent,180218,59.80%,TRUE,Republician
Florida,FL,2nd,Democratic,Lawson,Incumbent,121120,40.20%,FALSE,Republician
Florida,FL,3rd,Republician,Cammack,Incumbent,178090,62.50%,TRUE,Republician
Florida,FL,3rd,Democratic,Hawk,/,103342,36.30%,FALSE,Republician
Florida,FL,3rd,Other Party,Brooks,/,3410,1.20%,FALSE,Republician
Florida,FL,4th,Republician,Bean,/,165678,60.50%,TRUE,Republician
Florida,FL,4th,Democratic,Holloway,/,108358,39.50%,FALSE,Republician
Florida,FL,5th,Republician,Rutherford,Incumbent,0,0%,TRUE,Republician
Florida,FL,6th,Republician,Waltz,Incumbent,226490,75.30%,TRUE,Republician
Florida,FL,6th,Libertarian Party,Hannoush,/,74173,24.70%,FALSE,Republician
Florida,FL,7th,Republician,Mills,/,177957,58.50%,TRUE,Republician
Florida,FL,7th,Democratic,Green,/,126052,41.50%,FALSE,Republician
Florida,FL,8th,Republician,Posey,Incumbent,222119,64.90%,TRUE,Republician
Florida,FL,8th,Democratic,Terry,/,120050,35.10%,FALSE,Republician
Florida,FL,9th,Democratic,Soto,Incumbent,108522,53.60%,TRUE,Democratic
Florida,FL,9th,Republician,Moore,/,93815,46.40%,FALSE,Democratic
Florida,FL,10th,Democratic,Frost,/,117929,59.00%,TRUE,Democratic
Florida,FL,10th,Republician,Wimbish,/,78838,39.40%,FALSE,Democratic
Florida,FL,10th,Other Party,Holic,/,2001,1.00%,FALSE,Democratic
Florida,FL,10th,Other Party,Jain,/,1110,0.60%,FALSE,Democratic
Florida,FL,11th,Republician,Webster,Incumbent,205989,63.10%,TRUE,Republician
Florida,FL,11th,Democratic,Munns,/,115629,35.40%,FALSE,Republician
Florida,FL,11th,Other Party,Porter,/,4967,1.50%,FALSE,Republician
Florida,FL,12th,Republician,Bilirakis,Incumbent,226579,70.40%,TRUE,Republician
Florida,FL,12th,Democratic,Walker,/,95368,29.60%,FALSE,Republician
Florida,FL,13th,Republician,Luna,/,181473,53.10%,TRUE,Republician
Florida,FL,13th,Democratic,Lynn,/,153839,45.10%,FALSE,Republician
Florida,FL,13th,Libertarian Party,Craft,/,6158,1.80%,FALSE,Republician
Florida,FL,14th,Democratic,Castor,Incumbent,149689,56.90%,TRUE,Democratic
Florida,FL,14th,Republician,Judge,/,113408,43.10%,FALSE,Democratic
Florida,FL,15th,Republician,Lee,/,145211,58.50%,TRUE,Republician
Florida,FL,15th,Democratic,Cohn,/,102816,41.50%,FALSE,Republician
Florida,FL,16th,Republician,Buchanan,Incumbent,189738,62.20%,TRUE,Republician
Florida,FL,16th,Democratic,Schneider,/,115537,37.80%,FALSE,Republician
Florida,FL,17th,Republician,Steube,Incumbent,222433,63.80%,TRUE,Republician
Florida,FL,17th,Democratic,Kale,/,123739,35.50%,FALSE,Republician
Florida,FL,17th,Other Party,Murray,/,2222,0.60%,FALSE,Republician
Florida,FL,18th,Republician,Franklin,Incumbent,167393,74.70%,TRUE,Republician
Florida,FL,18th,Other Party,Hayden,/,56622,25.30%,FALSE,Republician
Florida,FL,19th,Republician,Donalds,Incumbent,213032,68.00%,TRUE,Republician
Florida,FL,19th,Democratic,Banyai,/,100198,32.00%,FALSE,Republician
Florida,FL,20th,Democratic,Cherfilus-McCormick,Incumbent,136192,72.30%,TRUE,Democratic
Florida,FL,20th,Republician,Clark,/,52150,27.70%,FALSE,Democratic
Florida,FL,21st,Republician,Mast,Incumbent,208592,63.50%,TRUE,Republician
Florida,FL,21st,Democratic,Balderramos Robinson,/,119859,36.50%,FALSE,Republician
Florida,FL,22nd,Democratic,Frankel,Incumbent,149977,55.10%,TRUE,Democratic
Florida,FL,22nd,Republician,Franzese,/,122187,44.90%,FALSE,Democratic
Florida,FL,23rd,Democratic,Moskowitz,/,143897,51.60%,TRUE,Democratic
Florida,FL,23rd,Republician,Budd,/,130669,46.80%,FALSE,Democratic
Florida,FL,23rd,Other Party,Scott,/,3079,1.10%,FALSE,Democratic
Florida,FL,23rd,Other Party,Napier,/,1338,0.50%,FALSE,Democratic
Florida,FL,24th,Democratic,Wilson,Incumbent,133416,71.80%,TRUE,Democratic
Florida,FL,24th,Republician,Navarro,/,52442,28.20%,FALSE,Democratic
Florida,FL,25th,Democratic,Wasserman Schultz,Incumbent,129085,55.10%,TRUE,Democratic
Florida,FL,25th,Republician,Spalding,/,105227,44.90%,FALSE,Democratic
Florida,FL,26th,Republician,Diaz-Balart,Incumbent,143226,70.90%,TRUE,Republician
Florida,FL,26th,Democratic,Olivo,/,58838,29.10%,FALSE,Republician
Florida,FL,27th,Republician,Salazar,Incumbent,136031,57.30%,TRUE,Republician
Florida,FL,27th,Democratic,Taddeo,/,101370,42.70%,FALSE,Republician
Florida,FL,28th,Republician,Gimenez,Incumbent,134456,63.70%,TRUE,Republician
Florida,FL,28th,Democratic,Asencio,/,76647,36.30%,FALSE,Republician
Georgia,GA,1st,Republician,Carter,Incumbent,156016,59.20%,TRUE,Republician
Georgia,GA,1st,Democratic,Herring,/,107662,40.80%,FALSE,Republician
Georgia,GA,2nd,Democratic,Bishop,Incumbent,132501,55.00%,TRUE,Democratic
Georgia,GA,2nd,Republician,West,/,108579,45.00%,FALSE,Democratic
Georgia,GA,3rd,Republician,Ferguson,Incumbent,213461,68.80%,TRUE,Republician
Georgia,GA,3rd,Democratic,Almonord,/,96799,31.20%,FALSE,Republician
Georgia,GA,4th,Democratic,Johnson,Incumbent,216247,78.50%,TRUE,Democratic
Georgia,GA,4th,Republician,Chavez,/,59272,21.50%,FALSE,Democratic
Georgia,GA,5th,Democratic,Williams,Incumbent,243471,82.50%,TRUE,Democratic
Georgia,GA,5th,Republician,Zimm,/,51754,17.50%,FALSE,Democratic
Georgia,GA,6th,Republician,McCormick,/,206783,62.20%,TRUE,Republician
Georgia,GA,6th,Democratic,Christian,/,125552,37.80%,FALSE,Republician
Georgia,GA,7th,Democratic,McBath,Incumbent,142852,61.00%,TRUE,Democratic
Georgia,GA,7th,Republician,Gonsalves,/,91195,39.00%,FALSE,Democratic
Georgia,GA,8th,Republician,Scott,Incumbent,178601,68.60%,TRUE,Republician
Georgia,GA,8th,Democratic,Butler,/,81773,31.40%,FALSE,Republician
Georgia,GA,9th,Republician,Clyde,Incumbent,212672,72.40%,TRUE,Republician
Georgia,GA,9th,Democratic,Ford,/,81206,27.60%,FALSE,Republician
Georgia,GA,10th,Republician,Collins,/,198413,64.50%,TRUE,Republician
Georgia,GA,10th,Democratic,Johnson-Green,/,109075,35.50%,FALSE,Republician
Georgia,GA,11th,Republician,Loudermilk,Incumbent,190035,62.60%,TRUE,Republician
Georgia,GA,11th,Democratic,Daza,/,113535,37.40%,FALSE,Republician
Georgia,GA,12th,Republician,Allen,Incumbent,157951,59.60%,TRUE,Republician
Georgia,GA,12th,Democratic,Johnson,/,107089,40.40%,FALSE,Republician
Georgia,GA,13th,Democratic,Scott,Incumbent,216150,81.80%,TRUE,Democratic
Georgia,GA,13th,Republician,Gonzales,/,48209,18.20%,FALSE,Democratic
Georgia,GA,14th,Republician,Greene,Incumbent,170003,65.90%,TRUE,Republician
Georgia,GA,14th,Democratic,Flowers,/,88074,34.10%,FALSE,Republician
Hawaii,HI,1st,Democratic,Case,Incumbent,142742,73.70%,TRUE,Democratic
Hawaii,HI,1st,Republician,Kress,/,50833,26.30%,FALSE,Democratic
Hawaii,HI,2nd,Democratic,Tokuda,/,127995,62.30%,TRUE,Democratic
Hawaii,HI,2nd,Republician,Akana,/,72455,35.20%,FALSE,Democratic
Hawaii,HI,2nd,Libertarian Party,Tippens,/,5108,2.50%,FALSE,Democratic
Idaho,ID,1st,Republician,Fulcher,Incumbent,222891,71.30%,TRUE,Republician
Idaho,ID,1st,Democratic,Peterson,/,82261,26.30%,FALSE,Republician
Idaho,ID,1st,Libertarian Party,Drake,/,7274,2.30%,FALSE,Republician
Idaho,ID,2nd,Republician,Simpson,Incumbent,172456,63.60%,TRUE,Republician
Idaho,ID,2nd,Democratic,Norman,/,98635,36.40%,FALSE,Republician
Illinois,IL,1st,Democratic,Jackson,/,151468,66.30%,TRUE,Democratic
Illinois,IL,1st,Republician,Carlson,/,77146,33.70%,FALSE,Democratic
Illinois,IL,2nd,Democratic,Kelly,Incumbent,137854,66.80%,TRUE,Democratic
Illinois,IL,2nd,Republician,Lynch,/,68369,33.20%,FALSE,Democratic
Illinois,IL,3rd,Democratic,Ramirez,/,111799,67.00%,TRUE,Democratic
Illinois,IL,3rd,Republician,Burau,/,55063,33.00%,FALSE,Democratic
Illinois,IL,4th,Democratic,Garcia,Incumbent,87987,68.00%,TRUE,Democratic
Illinois,IL,4th,Republician,Falakos,/,36960,28.60%,FALSE,Democratic
Illinois,IL,4th,Other Party,Hershey,/,4435,3.40%,FALSE,Democratic
Illinois,IL,5th,Democratic,Quigley,Incumbent,172040,67.90%,TRUE,Democratic
Illinois,IL,5th,Republician,Hanson,/,77185,30.50%,FALSE,Democratic
Illinois,IL,5th,Independent Party,Cruz,/,4135,1.60%,FALSE,Democratic
Illinois,IL,6th,Democratic,Casten,Incumbent,148279,54.10%,TRUE,Democratic
Illinois,IL,6th,Republician,Pekau,/,125625,45.90%,FALSE,Democratic
Illinois,IL,7th,Democratic,Davis,Incumbent,0,0%,TRUE,Democratic
Illinois,IL,8th,Democratic,Krishnamoorthi,Incumbent,117475,56.90%,TRUE,Democratic
Illinois,IL,8th,Republician,Dargis,/,89151,43.10%,FALSE,Democratic
Illinois,IL,9th,Democratic,Schakowsky,Incumbent,169009,70.90%,TRUE,Democratic
Illinois,IL,9th,Republician,Rice,/,69324,29.10%,FALSE,Democratic
Illinois,IL,10th,Democratic,Schneider,Incumbent,144489,62.30%,TRUE,Democratic
Illinois,IL,10th,Republician,Severino,/,87528,37.70%,FALSE,Democratic
Illinois,IL,11th,Democratic,Foster,Incumbent,145303,56.10%,TRUE,Democratic
Illinois,IL,11th,Republician,Lauf,/,113650,43.90%,FALSE,Democratic
Illinois,IL,12th,Republician,Bost,Incumbent,213438,75.40%,TRUE,Republician
Illinois,IL,12th,Democratic,Markel,/,69581,24.60%,FALSE,Republician
Illinois,IL,13th,Democratic,Budzinski,/,136123,55.90%,TRUE,Democratic
Illinois,IL,13th,Republician,Deering,/,107357,44.10%,FALSE,Democratic
Illinois,IL,14th,Democratic,Underwood,Incumbent,127458,54.10%,TRUE,Democratic
Illinois,IL,14th,Republician,Gryder,/,108045,45.90%,FALSE,Democratic
Illinois,IL,15th,Republician,Miller,Incumbent,209191,71.40%,TRUE,Republician
Illinois,IL,15th,Democratic,Lange,/,83765,28.60%,FALSE,Republician
Illinois,IL,16th,Republician,LaHood,Incumbent,196009,66.60%,TRUE,Republician
Illinois,IL,16th,Democratic,Haderlein,/,98188,33.40%,FALSE,Republician
Illinois,IL,17th,Democratic,Sorensen,/,119601,51.80%,TRUE,Democratic
Illinois,IL,17th,Republician,King,/,111457,48.20%,FALSE,Democratic
Indiana,IN,1st,Democratic,Mrvan,Incumbent,112539,52.80%,TRUE,Democratic
Indiana,IN,1st,Republician,Green,/,100486,47.20%,FALSE,Democratic
Indiana,IN,2nd,Republician,Yakym,/,125222,64.60%,TRUE,Republician
Indiana,IN,2nd,Democratic,Steury,/,62726,32.40%,FALSE,Republician
Indiana,IN,2nd,Libertarian Party,Henry,/,5782,3.00%,FALSE,Republician
Indiana,IN,2nd,Republician,Yakym,/,118650,63.50%,FALSE,Republician
Indiana,IN,2nd,Democratic,Steury,/,62547,33.50%,FALSE,Republician
Indiana,IN,2nd,Libertarian Party,Henry,/,5588,3.00%,FALSE,Republician
Indiana,IN,3rd,Republician,Banks,Incumbent,131252,65.30%,TRUE,Republician
Indiana,IN,3rd,Democratic,Snyder,/,60312,30.00%,FALSE,Republician
Indiana,IN,3rd,Independent Party,Gotsch,/,9354,4.70%,FALSE,Republician
Indiana,IN,4th,Republician,Baird,Incumbent,134442,68.20%,TRUE,Republician
Indiana,IN,4th,Democratic,Day,/,62668,31.80%,FALSE,Republician
Indiana,IN,5th,Republician,Spartz,Incumbent,146496,61.10%,TRUE,Republician
Indiana,IN,5th,Democratic,Lake,/,93373,38.90%,FALSE,Republician
Indiana,IN,6th,Republician,Pence,Incumbent,130482,67.50%,TRUE,Republician
Indiana,IN,6th,Democratic,Wirth,/,62743,32.50%,FALSE,Republician
Indiana,IN,7th,Democratic,Carson,Incumbent,116870,66.90%,TRUE,Democratic
Indiana,IN,7th,Republician,Grabovsky,/,53487,30.60%,FALSE,Democratic
Indiana,IN,7th,Libertarian Party,Maple,/,4227,2.40%,FALSE,Democratic
Indiana,IN,8th,Republician,Bucshon,Incumbent,141746,65.70%,TRUE,Republician
Indiana,IN,8th,Democratic,McCormick,/,67947,31.50%,FALSE,Republician
Indiana,IN,8th,Libertarian Party,Horning,/,5930,2.80%,FALSE,Republician
Indiana,IN,9th,Republician,Houchin,/,138765,62.90%,TRUE,Republician
Indiana,IN,9th,Democratic,Fyfe,/,75631,34.30%,FALSE,Republician
Indiana,IN,9th,Libertarian Party,Millis,/,6370,2.90%,FALSE,Republician
Iowa,IA,1st,Republician,Miller-Meeks,Incumbent,162947,53.40%,TRUE,Republician
Iowa,IA,1st,Democratic,Bohannan,/,142223,46.60%,FALSE,Republician
Iowa,IA,2nd,Republician,Hinson,Incumbent,172167,54.10%,TRUE,Republician
Iowa,IA,2nd,Democratic,Mathis,/,145930,45.90%,FALSE,Republician
Iowa,IA,3rd,Republician,Nunn,/,156261,50.30%,TRUE,Republician
Iowa,IA,3rd,Democratic,Axne,Incumbent,154117,49.70%,FALSE,Republician
Iowa,IA,4th,Republician,Feenstra,Incumbent,186467,67.40%,TRUE,Republician
Iowa,IA,4th,Democratic,Melton,/,84229,30.40%,FALSE,Republician
Iowa,IA,4th,Other Party,Holder,/,6035,2.20%,FALSE,Republician
Kansas,KS,1st,Republician,Mann,Incumbent,159258,67.80%,TRUE,Republician
Kansas,KS,1st,Democratic,Beard,/,75726,32.20%,FALSE,Republician
Kansas,KS,2nd,Republician,LaTurner,Incumbent,132765,57.60%,TRUE,Republician
Kansas,KS,2nd,Democratic,Schmidt,/,97580,42.40%,FALSE,Republician
Kansas,KS,3rd,Democratic,Davids,Incumbent,163138,54.90%,TRUE,Democratic
Kansas,KS,3rd,Republician,Adkins,/,127164,42.80%,FALSE,Democratic
Kansas,KS,3rd,Libertarian Party,Hohe,/,6803,2.30%,FALSE,Democratic
Kansas,KS,4th,Republician,Estes,Incumbent,142863,63.50%,TRUE,Republician
Kansas,KS,4th,Democratic,Hernandez,/,82138,36.50%,FALSE,Republician
Kentucky,KY,1st,Republician,Comer,Incumbent,184103,74.90%,TRUE,Republician
Kentucky,KY,1st,Democratic,Ausbrooks,/,61693,25.10%,FALSE,Republician
Kentucky,KY,2nd,Republician,Guthrie,Incumbent,170486,71.90%,TRUE,Republician
Kentucky,KY,2nd,Democratic,Linderman,/,66767,28.10%,FALSE,Republician
Kentucky,KY,3rd,Democratic,McGarvey,/,160853,62.00%,TRUE,Democratic
Kentucky,KY,3rd,Republician,Ray,/,98622,38.00%,FALSE,Democratic
Kentucky,KY,4th,Republician,Massie,Incumbent,167541,65.00%,TRUE,Republician
Kentucky,KY,4th,Democratic,Lehman,/,79977,31.00%,FALSE,Republician
Kentucky,KY,4th,Independent Party,Osborne,/,10111,3.90%,FALSE,Republician
Kentucky,KY,5th,Republician,Rogers,Incumbent,177714,82.20%,TRUE,Republician
Kentucky,KY,5th,Democratic,Halbleib,/,38549,17.80%,FALSE,Republician
Kentucky,KY,6th,Republician,Barr,Incumbent,154760,65.10%,TRUE,Republician
Kentucky,KY,6th,Democratic,Young,/,83003,34.90%,FALSE,Republician
Louisiana,LA,1st,Republician,Scalise,Incumbent,177642,72.80%,TRUE,Republician
Louisiana,LA,1st,Democratic,Darling,/,61458,25.20%,FALSE,Republician
Louisiana,LA,1st,Libertarian Party,Kearney,/,4906,2.00%,FALSE,Republician
Louisiana,LA,2nd,Democratic,Carter,Incumbent,158120,77.10%,TRUE,Democratic
Louisiana,LA,2nd,Republician,Lux,/,46926,22.90%,FALSE,Democratic
Louisiana,LA,3rd,Republician,Higgins,Incumbent,144423,64.30%,TRUE,Republician
Louisiana,LA,3rd,Republician,Hoggatt,/,24474,10.90%,FALSE,Republician
Louisiana,LA,3rd,Democratic,LeBlanc,/,23641,10.50%,FALSE,Republician
Louisiana,LA,3rd,Democratic,LeBrun,/,21172,9.40%,FALSE,Republician
Louisiana,LA,3rd,Republician,Payne,/,4012,1.80%,FALSE,Republician
Louisiana,LA,3rd,Independent Party,Wiggins,/,3255,1.40%,FALSE,Republician
Louisiana,LA,3rd,Republician,Shaheen,/,1955,0.90%,FALSE,Republician
Louisiana,LA,3rd,Libertarian Party,McLendon,/,1620,0.70%,FALSE,Republician
Louisiana,LA,4th,Republician,Johnson,Incumbent,0,0%,TRUE,Republician
Louisiana,LA,5th,Republician,Letlow,Incumbent,151080,67.60%,TRUE,Republician
Louisiana,LA,5th,Democratic,Dantzler,/,35149,15.70%,FALSE,Republician
Louisiana,LA,5th,Democratic,Huff,/,19383,8.70%,FALSE,Republician
Louisiana,LA,5th,Republician,Guillory,/,12159,5.40%,FALSE,Republician
Louisiana,LA,5th,Republician,Pullen,/,5782,2.60%,FALSE,Republician
Louisiana,LA,6th,Republician,Graves,Incumbent,189684,80.40%,TRUE,Republician
Louisiana,LA,6th,Libertarian Party,Craig,/,30709,13.00%,FALSE,Republician
Louisiana,LA,6th,Republician,Belzer,/,15535,6.60%,FALSE,Republician
Maine,ME,1st,Democratic,Pingree,Incumbent,218630,62.80%,TRUE,Democratic
Maine,ME,1st,Republician,Thelander,/,128996,37.10%,FALSE,Democratic
Maine,ME,1st,Other Party,Total Write-Ins,/,362,0.10%,FALSE,Democratic
Maine,ME,2nd,Democratic,Golden,Incumbent,165136,53.10%,TRUE,Democratic
Maine,ME,2nd,Republician,Poliquin,/,146142,46.90%,FALSE,Democratic
Maine,ME,2nd,Independent Party,Bond,/,0,0.00%,FALSE,Democratic
Maryland,MD,1st,Republician,Harris,Incumbent,159673,54.50%,TRUE,Republician
Maryland,MD,1st,Democratic,Mizeur,/,126511,43.20%,FALSE,Republician
Maryland,MD,1st,Libertarian Party,Thibeault,/,6924,2.40%,FALSE,Republician
Maryland,MD,2nd,Democratic,Ruppersberger,Incumbent,159000,59.30%,TRUE,Democratic
Maryland,MD,2nd,Republician,Ambrose,/,109081,40.70%,FALSE,Democratic
Maryland,MD,3rd,Democratic,Sarbanes,Incumbent,175514,60.20%,TRUE,Democratic
Maryland,MD,3rd,Republician,Morgan,/,115801,39.80%,FALSE,Democratic
Maryland,MD,4th,Democratic,Ivey,/,144204,90.30%,TRUE,Democratic
Maryland,MD,4th,Republician,Warner,/,15441,9.70%,FALSE,Democratic
Maryland,MD,5th,Democratic,Hoyer,Incumbent,182478,66.00%,TRUE,Democratic
Maryland,MD,5th,Republician,Palombi,/,94000,34.00%,FALSE,Democratic
Maryland,MD,6th,Democratic,Trone,Incumbent,140295,54.80%,TRUE,Democratic
Maryland,MD,6th,Republician,Parrott,/,115771,45.20%,FALSE,Democratic
Maryland,MD,7th,Democratic,Mfume,Incumbent,151640,82.20%,TRUE,Democratic
Maryland,MD,7th,Republician,Collier,/,32737,17.80%,FALSE,Democratic
Maryland,MD,8th,Democratic,Raskin,Incumbent,211842,80.30%,TRUE,Democratic
Maryland,MD,8th,Republician,Coll,/,47965,18.20%,FALSE,Democratic
Maryland,MD,8th,Libertarian Party,Garcia,/,4125,1.60%,FALSE,Democratic
Massachusetts,MA,1st,Democratic,Neal,Incumbent,153402,61.40%,TRUE,Democratic
Massachusetts,MA,1st,Republician,Martilli,/,96499,38.60%,FALSE,Democratic
Massachusetts,MA,2nd,Democratic,McGovern,Incumbent,178472,66.20%,TRUE,Democratic
Massachusetts,MA,2nd,Republician,Sossa-Paquette,/,91100,33.80%,FALSE,Democratic
Massachusetts,MA,3rd,Democratic,Trahan,Incumbent,145507,63.80%,TRUE,Democratic
Massachusetts,MA,3rd,Republician,Tran,/,82628,36.20%,FALSE,Democratic
Massachusetts,MA,4th,Democratic,Auchincloss,Incumbent,0,0%,TRUE,Democratic
Massachusetts,MA,5th,Democratic,Clark,Incumbent,198617,73.80%,TRUE,Democratic
Massachusetts,MA,5th,Republician,Colarusso,/,70694,26.20%,FALSE,Democratic
Massachusetts,MA,6th,Democratic,Moulton,Incumbent,190062,62.70%,TRUE,Democratic
Massachusetts,MA,6th,Republician,May,/,107496,35.40%,FALSE,Democratic
Massachusetts,MA,6th,Libertarian Party,Tashjian,/,5727,1.90%,FALSE,Democratic
Massachusetts,MA,7th,Democratic,Pressley,Incumbent,144902,84.50%,TRUE,Democratic
Massachusetts,MA,7th,Republician,Palmer,/,26481,15.50%,FALSE,Democratic
Massachusetts,MA,8th,Democratic,Lynch,Incumbent,184084,69.50%,TRUE,Democratic
Massachusetts,MA,8th,Republician,Burke,/,80961,30.50%,FALSE,Democratic
Massachusetts,MA,9th,Democratic,Keating,Incumbent,193426,59.40%,TRUE,Democratic
Massachusetts,MA,9th,Republician,Brown,/,131936,40.60%,FALSE,Democratic
Michigan,MI,1st,Republician,Bergman,Incumbent,231652,59.90%,TRUE,Republician
Michigan,MI,1st,Democratic,Lorinser,/,144952,37.50%,FALSE,Republician
Michigan,MI,1st,Other Party,Hakola,/,5480,1.40%,FALSE,Republician
Michigan,MI,1st,Libertarian Party,Gale,/,4569,1.20%,FALSE,Republician
Michigan,MI,2nd,Republician,Moolenaar,Incumbent,215092,63.70%,TRUE,Republician
Michigan,MI,2nd,Democratic,Hilliard,/,115710,34.30%,FALSE,Republician
Michigan,MI,2nd,Libertarian Party,Hewer,/,6818,2.00%,FALSE,Republician
Michigan,MI,3rd,Democratic,Scholten,/,186109,54.80%,TRUE,Democratic
Michigan,MI,3rd,Republician,Gibbs,/,142321,41.90%,FALSE,Democratic
Michigan,MI,3rd,Libertarian Party,Lewis,/,6718,2.00%,FALSE,Democratic
Michigan,MI,3rd,Other Party,Palus,/,4192,1.20%,FALSE,Democratic
Michigan,MI,4th,Republician,Huizenga,Incumbent,185778,54.40%,TRUE,Republician
Michigan,MI,4th,Democratic,Alfonso,/,145041,42.50%,FALSE,Republician
Michigan,MI,4th,Libertarian Party,Wenke,/,8525,2.50%,FALSE,Republician
Michigan,MI,4th,Other Party,Clark,/,2260,0.70%,FALSE,Republician
Michigan,MI,5th,Republician,Walberg,Incumbent,196498,62.50%,TRUE,Republician
Michigan,MI,5th,Democratic,Goldberg,/,109549,34.90%,FALSE,Republician
Michigan,MI,5th,Libertarian Party,Peterson,/,5089,1.60%,FALSE,Republician
Michigan,MI,5th,Other Party,Scott,/,3116,1.00%,FALSE,Republician
Michigan,MI,6th,Democratic,Dingell,Incumbent,241763,65.90%,TRUE,Democratic
Michigan,MI,6th,Republician,Williams,/,125168,34.10%,FALSE,Democratic
Michigan,MI,7th,Democratic,Slotkin,Incumbent,192828,51.70%,TRUE,Democratic
Michigan,MI,7th,Republician,Barrett,/,172619,46.30%,FALSE,Democratic
Michigan,MI,7th,Libertarian Party,Dailey,/,7276,2.00%,FALSE,Democratic
Michigan,MI,8th,Democratic,Kildee,Incumbent,178318,53.10%,TRUE,Democratic
Michigan,MI,8th,Republician,Junge,/,143845,42.80%,FALSE,Democratic
Michigan,MI,8th,Other Party,Goodwin,/,9077,2.70%,FALSE,Democratic
Michigan,MI,8th,Libertarian Party,Canny,/,4580,1.40%,FALSE,Democratic
Michigan,MI,9th,Republician,McClain,Incumbent,238289,63.90%,TRUE,Republician
Michigan,MI,9th,Democratic,Jaye,/,123692,33.20%,FALSE,Republician
Michigan,MI,9th,Other Party,Walkowicz,/,6570,1.80%,FALSE,Republician
Michigan,MI,9th,Libertarian Party,Kelts,/,4349,1.20%,FALSE,Republician
Michigan,MI,10th,Republician,James,/,159203,48.80%,TRUE,Republician
Michigan,MI,10th,Democratic,Marlinga,/,157602,48.30%,FALSE,Republician
Michigan,MI,10th,Other Party,Kirby,/,5905,1.80%,FALSE,Republician
Michigan,MI,10th,Libertarian Party,Saliba,/,3524,1.10%,FALSE,Republician
Michigan,MI,11th,Democratic,Stevens,Incumbent,224080,61.30%,TRUE,Democratic
Michigan,MI,11th,Republician,Ambrose,/,141312,38.70%,FALSE,Democratic
Michigan,MI,12th,Democratic,Tlaib,Incumbent,196601,70.80%,TRUE,Democratic
Michigan,MI,12th,Republician,Elliott,/,72889,26.30%,FALSE,Democratic
Michigan,MI,12th,Other Party,Walkowicz,/,8046,2.90%,FALSE,Democratic
Michigan,MI,13th,Democratic,Thanedar,/,166203,71.10%,TRUE,Democratic
Michigan,MI,13th,Republician,Bivings,/,56111,24.00%,FALSE,Democratic
Michigan,MI,13th,Other Party,Coleman,/,8811,3.80%,FALSE,Democratic
Michigan,MI,13th,Other Party,Dardzinski,/,2763,1.20%,FALSE,Democratic
Minnesota,MN,1st,Republician,Finstad,Incumbent,159621,53.90%,TRUE,Republician
Minnesota,MN,1st,Democratic,Ettinger,/,125457,42.30%,FALSE,Republician
Minnesota,MN,1st,Other Party,Reisdorf,/,6389,2.20%,FALSE,Republician
Minnesota,MN,1st,Other Party,Abrahamson,/,4943,1.70%,FALSE,Republician
Minnesota,MN,2nd,Democratic,Craig,Incumbent,165583,51.00%,TRUE,Democratic
Minnesota,MN,2nd,Republician,Kistner,/,148576,45.70%,FALSE,Democratic
Minnesota,MN,2nd,Other Party,Overby,/,10728,3.30%,FALSE,Democratic
Minnesota,MN,3rd,Democratic,Phillips,Incumbent,198883,59.60%,TRUE,Democratic
Minnesota,MN,3rd,Republician,Weiler,/,134797,40.40%,FALSE,Democratic
Minnesota,MN,4th,Democratic,McCollum,Incumbent,200055,67.70%,TRUE,Democratic
Minnesota,MN,4th,Republician,Xiong,/,95493,32.30%,FALSE,Democratic
Minnesota,MN,5th,Democratic,Omar,Incumbent,214224,75.20%,TRUE,Democratic
Minnesota,MN,5th,Republician,Davis,/,70702,24.80%,FALSE,Democratic
Minnesota,MN,6th,Republician,Emmer,Incumbent,198145,62.10%,TRUE,Republician
Minnesota,MN,6th,Democratic,Hendricks,/,120852,37.90%,FALSE,Republician
Minnesota,MN,7th,Republician,Fischbach,Incumbent,204766,67.00%,TRUE,Republician
Minnesota,MN,7th,Democratic,Abahsain,/,84455,27.60%,FALSE,Republician
Minnesota,MN,7th,Other Party,Johnson,/,16421,5.40%,FALSE,Republician
Minnesota,MN,8th,Republician,Stauber,Incumbent,188755,57.20%,TRUE,Republician
Minnesota,MN,8th,Democratic,Schultz,/,141009,42.80%,FALSE,Republician
Mississippi,MS,1st,Republician,Kelly,Incumbent,122152,73.00%,TRUE,Republician
Mississippi,MS,1st,Democratic,Black,/,45238,27.00%,FALSE,Republician
Mississippi,MS,2nd,Democratic,Thompson,Incumbent,108285,60.10%,TRUE,Democratic
Mississippi,MS,2nd,Republician,Flowers,/,71884,39.90%,FALSE,Democratic
Mississippi,MS,3rd,Republician,Guest,Incumbent,132481,70.70%,TRUE,Republician
Mississippi,MS,3rd,Democratic,Young,/,54803,29.30%,FALSE,Republician
Mississippi,MS,4th,Republician,Ezell,/,127813,73.30%,TRUE,Republician
Mississippi,MS,4th,Democratic,DuPree,/,42876,24.60%,FALSE,Republician
Mississippi,MS,4th,Libertarian Party,Johnson,/,3569,2.00%,FALSE,Republician
Missouri,MO,1st,Democratic,Bush,Incumbent,160042,72.80%,TRUE,Democratic
Missouri,MO,1st,Republician,Jones,/,53572,24.40%,FALSE,Democratic
Missouri,MO,1st,Libertarian Party,Zsidisin,/,6166,2.80%,FALSE,Democratic
Missouri,MO,2nd,Republician,Wagner,Incumbent,173035,54.90%,TRUE,Republician
Missouri,MO,2nd,Democratic,Gunby,/,135639,43.00%,FALSE,Republician
Missouri,MO,2nd,Libertarian Party,Slantz,/,6486,2.10%,FALSE,Republician
Missouri,MO,3rd,Republician,Luetkemeyer,Incumbent,180358,65.20%,TRUE,Republician
Missouri,MO,3rd,Democratic,Mann,/,96465,34.80%,FALSE,Republician
Missouri,MO,4th,Republician,Alford,/,181023,71.30%,TRUE,Republician
Missouri,MO,4th,Democratic,Truman,/,66671,26.30%,FALSE,Republician
Missouri,MO,4th,Libertarian Party,Langkraehr,/,6090,2.40%,FALSE,Republician
Missouri,MO,5th,Democratic,Cleaver,Incumbent,139882,60.90%,TRUE,Democratic
Missouri,MO,5th,Republician,Turk,/,83794,36.50%,FALSE,Democratic
Missouri,MO,5th,Libertarian Party,Dominick,/,5830,2.50%,FALSE,Democratic
Missouri,MO,6th,Republician,Graves,Incumbent,184070,70.30%,TRUE,Republician
Missouri,MO,6th,Democratic,Martin,/,71939,27.50%,FALSE,Republician
Missouri,MO,6th,Libertarian Party,Maidment,/,5745,2.20%,FALSE,Republician
Missouri,MO,7th,Republician,Burlison,/,177957,70.90%,TRUE,Republician
Missouri,MO,7th,Democratic,Radaker-Sheafer,/,67082,26.70%,FALSE,Republician
Missouri,MO,7th,Libertarian Party,Craig,/,5839,2.30%,FALSE,Republician
Missouri,MO,8th,Republician,Smith,Incumbent,186259,76.00%,TRUE,Republician
Missouri,MO,8th,Democratic,McCallian,/,53661,21.90%,FALSE,Republician
Missouri,MO,8th,Libertarian Party,Higgins,/,5175,2.10%,FALSE,Republician
Montana,MT,1st,Republician,Zinke,/,123102,49.60%,TRUE,Republician
Montana,MT,1st,Democratic,Tranel,/,115265,46.50%,FALSE,Republician
Montana,MT,1st,Libertarian Party,Lamb,/,9593,3.90%,FALSE,Republician
Montana,MT,2nd,Republician,Rosendale,Incumbent,121979,56.60%,TRUE,Republician
Montana,MT,2nd,Independent Party,Buchanan,/,47195,21.90%,FALSE,Republician
Montana,MT,2nd,Democratic,Ronning,/,43480,20.20%,FALSE,Republician
Montana,MT,2nd,Libertarian Party,Rankin,/,3018,1.40%,FALSE,Republician
Nebraska,NE,1st,Republician,Flood,Incumbent,127671,58.10%,TRUE,Republician
Nebraska,NE,1st,Democratic,Pansing Brooks,/,91940,41.90%,FALSE,Republician
Nebraska,NE,2nd,Republician,Bacon,Incumbent,111388,51.50%,TRUE,Republician
Nebraska,NE,2nd,Democratic,Vargas,/,104868,48.50%,FALSE,Republician
Nebraska,NE,3rd,Republician,Smith,Incumbent,171967,78.30%,TRUE,Republician
Nebraska,NE,3rd,Democratic,Else,/,34703,15.80%,FALSE,Republician
Nebraska,NE,3rd,Other Party,Elworth,/,12915,5.90%,FALSE,Republician
Nevada,NV,1st,Democratic,Titus,Incumbent,114916,51.60%,TRUE,Democratic
Nevada,NV,1st,Republician,Robertson,/,102355,45.90%,FALSE,Democratic
Nevada,NV,1st,Libertarian Party,Cavanaugh,/,5502,2.50%,FALSE,Democratic
Nevada,NV,2nd,Republician,Amodei,Incumbent,181689,59.70%,TRUE,Republician
Nevada,NV,2nd,Democratic,Krause,/,115186,37.90%,FALSE,Republician
Nevada,NV,2nd,Other Party,Best,/,4076,1.30%,FALSE,Republician
Nevada,NV,2nd,Libertarian Party,Baber,/,3351,1.10%,FALSE,Republician
Nevada,NV,3rd,Democratic,Lee,Incumbent,130237,52.00%,TRUE,Democratic
Nevada,NV,3rd,Republician,Becker,/,120102,48.00%,FALSE,Democratic
Nevada,NV,4th,Democratic,Horsford,Incumbent,115836,52.40%,TRUE,Democratic
Nevada,NV,4th,Republician,Peters,/,105037,47.60%,FALSE,Democratic
New Hampshire,NH,1st,Democratic,Pappas,Incumbent,166852,54.00%,TRUE,Democratic
New Hampshire,NH,1st,Republician,Leavitt,/,141899,46.00%,FALSE,Democratic
New Hampshire,NH,2nd,Democratic,McLane Kuster,Incumbent,171733,55.90%,TRUE,Democratic
New Hampshire,NH,2nd,Republician,Burns,/,135567,44.10%,FALSE,Democratic
New Jersey,NJ,1st,Democratic,Norcross,Incumbent,139559,62.30%,TRUE,Democratic
New Jersey,NJ,1st,Republician,Gustafson,/,78794,35.20%,FALSE,Democratic
New Jersey,NJ,1st,Independent Party,Kline,/,3343,1.50%,FALSE,Democratic
New Jersey,NJ,1st,Independent Party,Fletcher,/,1546,0.70%,FALSE,Democratic
New Jersey,NJ,1st,Independent Party,Cannon,/,642,0.30%,FALSE,Democratic
New Jersey,NJ,2nd,Republician,Van Drew,Incumbent,139216,58.90%,TRUE,Republician
New Jersey,NJ,2nd,Democratic,Alexander,/,94521,40.00%,FALSE,Republician
New Jersey,NJ,2nd,Independent Party,Gallo,/,1825,0.80%,FALSE,Republician
New Jersey,NJ,2nd,Independent Party,Sanchez,/,920,0.40%,FALSE,Republician
New Jersey,NJ,3rd,Democratic,Kim,Incumbent,150497,55.50%,TRUE,Democratic
New Jersey,NJ,3rd,Republician,Healey,/,118413,43.60%,FALSE,Democratic
New Jersey,NJ,3rd,Independent Party,Russomanno,/,1347,0.50%,FALSE,Democratic
New Jersey,NJ,3rd,Independent Party,Sobocinski,/,1116,0.40%,FALSE,Democratic
New Jersey,NJ,4th,Republician,Smith,Incumbent,173288,66.90%,TRUE,Republician
New Jersey,NJ,4th,Democratic,Jenkins,/,81233,31.40%,FALSE,Republician
New Jersey,NJ,4th,Independent Party,Cullen,/,1902,0.70%,FALSE,Republician
New Jersey,NJ,4th,Independent Party,Schmidt,/,1197,0.50%,FALSE,Republician
New Jersey,NJ,4th,Independent Party,Schroeder,/,905,0.30%,FALSE,Republician
New Jersey,NJ,4th,Independent Party,Daniels,/,437,0.20%,FALSE,Republician
New Jersey,NJ,5th,Democratic,Gottheimer,Incumbent,145559,54.70%,TRUE,Democratic
New Jersey,NJ,5th,Republician,Pallotta,/,117873,44.30%,FALSE,Democratic
New Jersey,NJ,5th,Independent Party,Marcus,/,1193,0.40%,FALSE,Democratic
New Jersey,NJ,5th,Independent Party,Ferrigno,/,700,0.30%,FALSE,Democratic
New Jersey,NJ,5th,Independent Party,Vellucci,/,618,0.20%,FALSE,Democratic
New Jersey,NJ,6th,Democratic,Pallone,Incumbent,106238,57.50%,TRUE,Democratic
New Jersey,NJ,6th,Republician,Kiley,/,75839,41.00%,FALSE,Democratic
New Jersey,NJ,6th,Independent Party,Fisher,/,1361,0.70%,FALSE,Democratic
New Jersey,NJ,6th,Independent Party,Soni,/,947,0.50%,FALSE,Democratic
New Jersey,NJ,6th,Independent Party,Antisell,/,534,0.30%,FALSE,Democratic
New Jersey,NJ,7th,Republician,Kean Jr.,/,159392,51.40%,TRUE,Republician
New Jersey,NJ,7th,Democratic,Malinowski,Incumbent,150701,48.60%,FALSE,Republician
New Jersey,NJ,8th,Democratic,Menendez,/,78371,73.60%,TRUE,Democratic
New Jersey,NJ,8th,Republician,Arroyo,/,24956,23.40%,FALSE,Democratic
New Jersey,NJ,8th,Independent Party,Kuniansky,/,1016,1.00%,FALSE,Democratic
New Jersey,NJ,8th,Independent Party,Delaney,/,758,0.70%,FALSE,Democratic
New Jersey,NJ,8th,Independent Party,Cook,/,714,0.70%,FALSE,Democratic
New Jersey,NJ,8th,Independent Party,Olivera,/,399,0.40%,FALSE,Democratic
New Jersey,NJ,8th,Independent Party,Salierno,/,246,0.20%,FALSE,Democratic
New Jersey,NJ,9th,Democratic,Pascrell,Incumbent,82457,55.00%,TRUE,Democratic
New Jersey,NJ,9th,Republician,Prempeh,/,65365,43.60%,FALSE,Democratic
New Jersey,NJ,9th,Independent Party,Sherman,/,1108,0.70%,FALSE,Democratic
New Jersey,NJ,9th,Independent Party,Armstrong,/,1054,0.70%,FALSE,Democratic
New Jersey,NJ,10th,Democratic,Payne Jr.,Incumbent,100644,77.60%,TRUE,Democratic
New Jersey,NJ,10th,Republician,Pinckney,/,25984,20.00%,FALSE,Democratic
New Jersey,NJ,10th,Independent Party,Johnson,/,1989,1.50%,FALSE,Democratic
New Jersey,NJ,10th,Independent Party,Ludden,/,634,0.50%,FALSE,Democratic
New Jersey,NJ,10th,Independent Party,Childress,/,380,0.30%,FALSE,Democratic
New Jersey,NJ,11th,Democratic,Sherrill,Incumbent,161238,59.00%,TRUE,Democratic
New Jersey,NJ,11th,Republician,DeGroot,/,109944,40.20%,FALSE,Democratic
New Jersey,NJ,11th,Independent Party,Biasco,/,2276,0.80%,FALSE,Democratic
New Jersey,NJ,12th,Democratic,Watson Coleman,Incumbent,125127,63.10%,TRUE,Democratic
New Jersey,NJ,12th,Republician,Mayfield,/,71175,35.90%,FALSE,Democratic
New Jersey,NJ,12th,Independent Party,Genrich,/,1925,1.00%,FALSE,Democratic
New Mexico,NM,1st,Democratic,Stansbury,Incumbent,156386,55.80%,TRUE,Democratic
New Mexico,NM,1st,Republician,Garcia Holmes,/,124115,44.20%,FALSE,Democratic
New Mexico,NM,2nd,Democratic,Vasquez,/,96984,50.30%,TRUE,Democratic
New Mexico,NM,2nd,Republician,Herrell,Incumbent,95638,49.70%,FALSE,Democratic
New Mexico,NM,3rd,Democratic,Leger Fernandez,Incumbent,134195,58.20%,TRUE,Democratic
New Mexico,NM,3rd,Republician,Martinez Johnson,/,96560,41.80%,FALSE,Democratic
New York,NY,1st,Republician,LaLota,/,173275,55.90%,TRUE,Republician
New York,NY,1st,Democratic,Fleming,/,136899,44.10%,FALSE,Republician
New York,NY,2nd,Republician,Garbarino,Incumbent,148654,61.00%,TRUE,Republician
New York,NY,2nd,Democratic,Gordon,/,95217,39.00%,FALSE,Republician
New York,NY,3rd,Republician,Santos,/,142673,54.10%,TRUE,Republician
New York,NY,3rd,Democratic,Zimmerman,/,121094,45.90%,FALSE,Republician
New York,NY,4th,Republician,D'Esposito,/,139063,51.90%,TRUE,Republician
New York,NY,4th,Democratic,Gillen,/,129077,48.10%,FALSE,Republician
New York,NY,5th,Democratic,Meeks,Incumbent,97981,75.20%,TRUE,Democratic
New York,NY,5th,Republician,King,/,32393,24.80%,FALSE,Democratic
New York,NY,6th,Democratic,Meng,Incumbent,79506,63.30%,TRUE,Democratic
New York,NY,6th,Republician,Zmich,/,46188,36.70%,FALSE,Democratic
New York,NY,7th,Democratic,Velazquez,Incumbent,111968,80.50%,TRUE,Democratic
New York,NY,7th,Republician,Pagan,/,27142,19.50%,FALSE,Democratic
New York,NY,8th,Democratic,Jeffries,Incumbent,93295,72.40%,TRUE,Democratic
New York,NY,8th,Republician,Dashevsky,/,35486,27.60%,FALSE,Democratic
New York,NY,9th,Democratic,Clarke,Incumbent,111162,82.20%,TRUE,Democratic
New York,NY,9th,Other Party,Raitport,/,24143,17.80%,FALSE,Democratic
New York,NY,10th,Democratic,Goldman,/,149261,83.90%,TRUE,Democratic
New York,NY,10th,Republician,Hamdan,/,27230,15.30%,FALSE,Democratic
New York,NY,10th,Other Party,Speer,/,1357,0.80%,FALSE,Democratic
New York,NY,11th,Republician,Malliotakis,Incumbent,113485,62.10%,TRUE,Republician
New York,NY,11th,Democratic,Rose,/,69241,37.90%,FALSE,Republician
New York,NY,12th,Democratic,Nadler,Incumbent,186357,81.70%,TRUE,Democratic
New York,NY,12th,Republician,Zumbluskas,/,41264,18.10%,FALSE,Democratic
New York,NY,12th,Other Party,Itkis,/,583,0.30%,FALSE,Democratic
New York,NY,13th,Democratic,Espaillat,Incumbent,0,0%,TRUE,Democratic
New York,NY,14th,Democratic,Ocasio-Cortez,Incumbent,78788,70.60%,TRUE,Democratic
New York,NY,14th,Republician,Forte,/,30661,27.50%,FALSE,Democratic
New York,NY,14th,Other Party,Cuellar,/,2128,1.90%,FALSE,Democratic
New York,NY,15th,Democratic,Torres,Incumbent,72610,82.60%,TRUE,Democratic
New York,NY,15th,Republician,Sapaskis,/,15265,17.40%,FALSE,Democratic
New York,NY,16th,Democratic,Bowman,Incumbent,131550,64.20%,TRUE,Democratic
New York,NY,16th,Republician,Flisser,/,73385,35.80%,FALSE,Democratic
New York,NY,17th,Republician,Lawler,/,142206,50.40%,TRUE,Republician
New York,NY,17th,Democratic,Maloney,Incumbent,139892,49.60%,FALSE,Republician
New York,NY,18th,Democratic,Ryan,Incumbent,132365,50.50%,TRUE,Democratic
New York,NY,18th,Republician,Schmitt,/,129757,49.50%,FALSE,Democratic
New York,NY,19th,Republician,Molinaro,/,144075,51.10%,TRUE,Republician
New York,NY,19th,Democratic,Riley,/,137873,48.90%,FALSE,Republician
New York,NY,20th,Democratic,Tonko,Incumbent,159015,55.00%,TRUE,Democratic
New York,NY,20th,Republician,Joy,/,130012,45.00%,FALSE,Democratic
New York,NY,21st,Republician,Stefanik,Incumbent,166536,59.40%,TRUE,Republician
New York,NY,21st,Democratic,Castelli,/,113882,40.60%,FALSE,Republician
New York,NY,22nd,Republician,Williams,/,135061,50.50%,TRUE,Republician
New York,NY,22nd,Democratic,Conole,/,132432,49.50%,FALSE,Republician
New York,NY,23rd,Republician,Langworthy,/,189790,65.00%,TRUE,Republician
New York,NY,23rd,Democratic,Della Pia,/,102323,35.00%,FALSE,Republician
New York,NY,24th,Republician,Tenney,Incumbent,181679,66.40%,TRUE,Republician
New York,NY,24th,Democratic,Holden,/,91793,33.60%,FALSE,Republician
New York,NY,25th,Democratic,Morelle,Incumbent,148681,53.60%,TRUE,Democratic
New York,NY,25th,Republician,Singletary,/,128502,46.40%,FALSE,Democratic
New York,NY,26th,Democratic,Higgins,Incumbent,154477,63.90%,TRUE,Democratic
New York,NY,26th,Republician,Sams,/,87189,36.10%,FALSE,Democratic
North Carolina,NC,1st,Democratic,Davis,/,134996,52.40%,TRUE,Democratic
North Carolina,NC,1st,Republician,Smith,/,122780,47.60%,FALSE,Democratic
North Carolina,NC,2nd,Democratic,Ross,Incumbent,190714,64.70%,TRUE,Democratic
North Carolina,NC,2nd,Republician,Villaverde,/,104155,35.30%,FALSE,Democratic
North Carolina,NC,3rd,Republician,Murphy,Incumbent,166520,66.90%,TRUE,Republician
North Carolina,NC,3rd,Democratic,Gaskins,/,82378,33.10%,FALSE,Republician
North Carolina,NC,4th,Democratic,Foushee,/,194983,66.90%,TRUE,Democratic
North Carolina,NC,4th,Republician,Geels,/,96442,33.10%,FALSE,Democratic
North Carolina,NC,5th,Republician,Foxx,Incumbent,175279,63.20%,TRUE,Republician
North Carolina,NC,5th,Democratic,Parrish,/,102269,36.80%,FALSE,Republician
North Carolina,NC,6th,Democratic,Manning,Incumbent,139553,53.90%,TRUE,Democratic
North Carolina,NC,6th,Republician,Castelli,/,116635,45.00%,FALSE,Democratic
North Carolina,NC,6th,Libertarian Party,Watercott,/,2810,1.10%,FALSE,Democratic
North Carolina,NC,7th,Republician,Rouzer,Incumbent,164047,57.70%,TRUE,Republician
North Carolina,NC,7th,Democratic,Graham,/,120222,42.30%,FALSE,Republician
North Carolina,NC,8th,Republician,Bishop,Incumbent,183998,69.90%,TRUE,Republician
North Carolina,NC,8th,Democratic,Huffman,/,79192,30.10%,FALSE,Republician
North Carolina,NC,9th,Republician,Hudson,Incumbent,131453,56.50%,TRUE,Republician
North Carolina,NC,9th,Democratic,Clark,/,101202,43.50%,FALSE,Republician
North Carolina,NC,10th,Republician,McHenry,Incumbent,194681,72.70%,TRUE,Republician
North Carolina,NC,10th,Democratic,Genant,/,73174,27.30%,FALSE,Republician
North Carolina,NC,11th,Republician,Edwards,/,174232,53.80%,TRUE,Republician
North Carolina,NC,11th,Democratic,Beach-Ferrara,/,144165,44.50%,FALSE,Republician
North Carolina,NC,11th,Libertarian Party,Coatney,/,5515,1.70%,FALSE,Republician
North Carolina,NC,12th,Democratic,Adams,Incumbent,140494,62.70%,TRUE,Democratic
North Carolina,NC,12th,Republician,Lee,/,83415,37.30%,FALSE,Democratic
North Carolina,NC,13th,Democratic,Nickel,/,143090,51.60%,TRUE,Democratic
North Carolina,NC,13th,Republician,Hines,/,134256,48.40%,FALSE,Democratic
North Carolina,NC,14th,Democratic,Jackson,/,148738,57.70%,TRUE,Democratic
North Carolina,NC,14th,Republician,Harrigan,/,109014,42.30%,FALSE,Democratic
North Dakota,ND,At Large,Republician,Kelly Armstrong,Incumbent,147980,62.30%,TRUE,Republician
North Dakota,ND,At Large,Independent Party,Cara Mund,/,89371,37.70%,FALSE,Republician
Ohio,OH,1st,Democratic,Landsman,/,151418,52.50%,TRUE,Democratic
Ohio,OH,1st,Republician,Chabot,Incumbent,137213,47.50%,FALSE,Democratic
Ohio,OH,2nd,Republician,Wenstrup,Incumbent,188300,74.50%,TRUE,Republician
Ohio,OH,2nd,Democratic,Meadows,/,64329,25.50%,FALSE,Republician
Ohio,OH,3rd,Democratic,Beatty,Incumbent,174846,70.20%,TRUE,Democratic
Ohio,OH,3rd,Republician,Stahley,/,74335,29.80%,FALSE,Democratic
Ohio,OH,4th,Republician,Jordan,Incumbent,196655,69.30%,TRUE,Republician
Ohio,OH,4th,Democratic,Wilson,/,87106,30.70%,FALSE,Republician
Ohio,OH,5th,Republician,Latta,Incumbent,184205,67.00%,TRUE,Republician
Ohio,OH,5th,Democratic,Swartz,/,90614,33.00%,FALSE,Republician
Ohio,OH,6th,Republician,Johnson,Incumbent,186965,67.70%,TRUE,Republician
Ohio,OH,6th,Democratic,Lyras,/,89086,32.30%,FALSE,Republician
Ohio,OH,7th,Republician,Miller,/,164904,55.40%,TRUE,Republician
Ohio,OH,7th,Democratic,Diemer,/,132548,44.60%,FALSE,Republician
Ohio,OH,8th,Republician,Davidson,Incumbent,177132,64.90%,TRUE,Republician
Ohio,OH,8th,Democratic,Enoch,/,95829,35.10%,FALSE,Republician
Ohio,OH,9th,Democratic,Kaptur,Incumbent,147512,56.50%,TRUE,Democratic
Ohio,OH,9th,Republician,Majewski,/,113363,43.50%,FALSE,Democratic
Ohio,OH,10th,Republician,Turner,Incumbent,161792,62.20%,TRUE,Republician
Ohio,OH,10th,Democratic,Esrati,/,98383,37.80%,FALSE,Republician
Ohio,OH,11th,Democratic,Brown,Incumbent,162154,77.60%,TRUE,Democratic
Ohio,OH,11th,Republician,Brewer,/,46862,22.40%,FALSE,Democratic
Ohio,OH,12th,Republician,Balderson,Incumbent,187322,69.50%,TRUE,Republician
Ohio,OH,12th,Democratic,Rippel-Elton,/,82101,30.50%,FALSE,Republician
Ohio,OH,13th,Democratic,Sykes,/,146621,52.60%,TRUE,Democratic
Ohio,OH,13th,Republician,Gesiotto Gilbert,/,132181,47.40%,FALSE,Democratic
Ohio,OH,14th,Republician,Joyce,Incumbent,180251,61.90%,TRUE,Republician
Ohio,OH,14th,Democratic,Kilboy,/,111155,38.10%,FALSE,Republician
Ohio,OH,15th,Republician,Carey,Incumbent,140012,57.20%,TRUE,Republician
Ohio,OH,15th,Democratic,Josephson,/,104613,42.80%,FALSE,Republician
Oklahoma,OK,1st,Republician,Hern,Incumbent,142620,61.20%,TRUE,Republician
Oklahoma,OK,1st,Democratic,Martin,/,80835,34.70%,FALSE,Republician
Oklahoma,OK,1st,Independent Party,Rogers,/,9693,4.20%,FALSE,Republician
Oklahoma,OK,2nd,Republician,Brecheen,/,167687,72.40%,TRUE,Republician
Oklahoma,OK,2nd,Democratic,Andrews,/,54149,23.40%,FALSE,Republician
Oklahoma,OK,2nd,Independent Party,Robinson,/,9623,4.20%,FALSE,Republician
Oklahoma,OK,3rd,Republician,Lucas,Incumbent,147302,74.50%,TRUE,Republician
Oklahoma,OK,3rd,Democratic,Ross,/,50320,25.50%,FALSE,Republician
Oklahoma,OK,4th,Republician,Cole,Incumbent,149777,66.80%,TRUE,Republician
Oklahoma,OK,4th,Democratic,Brannon,/,74598,33.20%,FALSE,Republician
Oklahoma,OK,5th,Republician,Bice,Incumbent,152567,59.00%,TRUE,Republician
Oklahoma,OK,5th,Democratic,Harris-Till,/,96709,37.40%,FALSE,Republician
Oklahoma,OK,5th,Independent Party,Frosch,/,9318,3.60%,FALSE,Republician
Oregon,OR,1st,Democratic,Bonamici,Incumbent,210682,68.00%,TRUE,Democratic
Oregon,OR,1st,Republician,Mann,/,99042,32.00%,FALSE,Democratic
Oregon,OR,2nd,Republician,Bentz,Incumbent,208369,67.60%,TRUE,Republician
Oregon,OR,2nd,Democratic,Yetter,/,99882,32.40%,FALSE,Republician
Oregon,OR,3rd,Democratic,Blumenauer,Incumbent,212119,70.00%,TRUE,Democratic
Oregon,OR,3rd,Republician,Harbour,/,79766,26.30%,FALSE,Democratic
Oregon,OR,3rd,Other Party,Delk,/,10982,3.60%,FALSE,Democratic
Oregon,OR,4th,Democratic,Hoyle,/,171372,50.60%,TRUE,Democratic
Oregon,OR,4th,Republician,Skarlatos,/,146055,43.10%,FALSE,Democratic
Oregon,OR,4th,Independent Party,Leatherberry,/,9052,2.70%,FALSE,Democratic
Oregon,OR,4th,Other Party,Howard,/,6075,1.80%,FALSE,Democratic
Oregon,OR,4th,Other Party,Beilstein,/,6033,1.80%,FALSE,Democratic
Oregon,OR,5th,Republician,Chavez-DeRemer,/,178813,51.00%,TRUE,Republician
Oregon,OR,5th,Democratic,McLeod-Skinner,/,171514,49.00%,FALSE,Republician
Oregon,OR,6th,Democratic,Salinas,/,147156,50.10%,TRUE,Democratic
Oregon,OR,6th,Republician,Erickson,/,139946,47.60%,FALSE,Democratic
Oregon,OR,6th,Other Party,McFarland,/,6762,2.30%,FALSE,Democratic
Pennsylvania,PA,1st,Republician,Fitzpatrick,Incumbent,201567,54.90%,TRUE,Republician
Pennsylvania,PA,1st,Democratic,Ehasz,/,165796,45.10%,FALSE,Republician
Pennsylvania,PA,2nd,Democratic,Boyle,Incumbent,141229,75.70%,TRUE,Democratic
Pennsylvania,PA,2nd,Republician,Bashir,/,45454,24.30%,FALSE,Democratic
Pennsylvania,PA,3rd,Democratic,Evans,Incumbent,251116,95.10%,TRUE,Democratic
Pennsylvania,PA,3rd,Other Party,Hoeppner,/,12820,4.90%,FALSE,Democratic
Pennsylvania,PA,4th,Democratic,Dean,Incumbent,224799,61.30%,TRUE,Democratic
Pennsylvania,PA,4th,Republician,Nascimento,/,141986,38.70%,FALSE,Democratic
Pennsylvania,PA,5th,Democratic,Scanlon,Incumbent,205128,65.10%,TRUE,Democratic
Pennsylvania,PA,5th,Republician,Galluch,/,110058,34.90%,FALSE,Democratic
Pennsylvania,PA,6th,Democratic,Houlahan,Incumbent,190386,58.30%,TRUE,Democratic
Pennsylvania,PA,6th,Republician,Ciarrocchi,/,136097,41.70%,FALSE,Democratic
Pennsylvania,PA,7th,Democratic,Wild,Incumbent,151358,51.00%,TRUE,Democratic
Pennsylvania,PA,7th,Republician,Scheller,/,145523,49.00%,FALSE,Democratic
Pennsylvania,PA,8th,Democratic,Cartwright,Incumbent,146502,51.20%,TRUE,Democratic
Pennsylvania,PA,8th,Republician,Bognet,/,139468,48.80%,FALSE,Democratic
Pennsylvania,PA,9th,Republician,Meuser,Incumbent,208413,69.30%,TRUE,Republician
Pennsylvania,PA,9th,Democratic,Waldman,/,92258,30.70%,FALSE,Republician
Pennsylvania,PA,10th,Republician,Perry,Incumbent,168810,53.90%,TRUE,Republician
Pennsylvania,PA,10th,Democratic,Daniels,/,144161,46.10%,FALSE,Republician
Pennsylvania,PA,11th,Republician,Smucker,Incumbent,194392,61.60%,TRUE,Republician
Pennsylvania,PA,11th,Democratic,Hollister,/,121089,38.40%,FALSE,Republician
Pennsylvania,PA,12th,Democratic,Lee,/,184674,56.20%,TRUE,Democratic
Pennsylvania,PA,12th,Republician,Doyle,/,143846,43.80%,FALSE,Democratic
Pennsylvania,PA,13th,Republician,Joyce,Incumbent,0,0%,TRUE,Republician
Pennsylvania,PA,14th,Republician,Reschenthaler,Incumbent,0,0%,TRUE,Republician
Pennsylvania,PA,15th,Republician,Thompson,Incumbent,213818,70.00%,TRUE,Republician
Pennsylvania,PA,15th,Democratic,Molesevich,/,91670,30.00%,FALSE,Republician
Pennsylvania,PA,16th,Republician,Kelly,Incumbent,190064,59.40%,TRUE,Republician
Pennsylvania,PA,16th,Democratic,Pastore,/,130003,40.60%,FALSE,Republician
Pennsylvania,PA,17th,Democratic,Deluzio,/,193393,53.40%,TRUE,Democratic
Pennsylvania,PA,17th,Republician,Shaffer,/,168902,46.60%,FALSE,Democratic
Rhode Island,RI,1st,Democratic,Cicilline,Incumbent,99802,64.10%,TRUE,Democratic
Rhode Island,RI,1st,Republician,Waters,/,55909,35.90%,FALSE,Democratic
Rhode Island,RI,2nd,Democratic,Magaziner,/,100919,50.50%,TRUE,Democratic
Rhode Island,RI,2nd,Republician,Fung,/,93637,46.80%,FALSE,Democratic
Rhode Island,RI,2nd,Independent Party,Gilbert,/,5454,2.70%,FALSE,Democratic
South Carolina,SC,1st,Republician,Mace,Incumbent,153757,56.50%,TRUE,Republician
South Carolina,SC,1st,Democratic,Andrews,/,115796,42.50%,FALSE,Republician
South Carolina,SC,1st,Other Party,Oddo,/,2634,1.00%,FALSE,Republician
South Carolina,SC,2nd,Republician,Wilson,Incumbent,147699,60.10%,TRUE,Republician
South Carolina,SC,2nd,Democratic,Larkins,/,98081,39.90%,FALSE,Republician
South Carolina,SC,3rd,Republician,Duncan,Incumbent,0,0%,TRUE,Republician
South Carolina,SC,4th,Republician,Timmons,Incumbent,0,0%,TRUE,Republician
South Carolina,SC,5th,Republician,Norman,Incumbent,154725,64.00%,TRUE,Republician
South Carolina,SC,5th,Democratic,Hundley,/,83299,34.50%,FALSE,Republician
South Carolina,SC,5th,Green Party,Gaither,/,3547,1.50%,FALSE,Republician
South Carolina,SC,6th,Democratic,Clyburn,Incumbent,130923,62.10%,TRUE,Democratic
South Carolina,SC,6th,Republician,Buckner,/,79879,37.90%,FALSE,Democratic
South Carolina,SC,7th,Republician,Fry,/,164440,64.90%,TRUE,Republician
South Carolina,SC,7th,Democratic,Scott,/,89030,35.10%,FALSE,Republician
South Dakota,SD,At Large,Republician,Dusty Johnson,Incumbent,253786,77.40%,TRUE,Republician
South Dakota,SD,At Large,Libertarian Party,Collin Duprel,/,74010,22.60%,FALSE,Republician
Tennessee,TN,1st,Republician,Harshbarger,Incumbent,147253,78.30%,TRUE,Republician
Tennessee,TN,1st,Democratic,Parsons,/,37032,19.70%,FALSE,Republician
Tennessee,TN,1st,Independent Party,Baker,/,2466,1.30%,FALSE,Republician
Tennessee,TN,1st,Independent Party,Makrom,/,1245,0.70%,FALSE,Republician
Tennessee,TN,2nd,Republician,Burchett,Incumbent,141041,67.90%,TRUE,Republician
Tennessee,TN,2nd,Democratic,Harmon,/,66637,32.10%,FALSE,Republician
Tennessee,TN,3rd,Republician,Fleischmann,Incumbent,136193,68.30%,TRUE,Republician
Tennessee,TN,3rd,Democratic,Gorman,/,60250,30.20%,FALSE,Republician
Tennessee,TN,3rd,Independent Party,Tyler,/,1731,0.90%,FALSE,Republician
Tennessee,TN,3rd,Independent Party,Rumba,/,1117,0.60%,FALSE,Republician
Tennessee,TN,4th,Republician,DesJarlais,Incumbent,122336,70.60%,TRUE,Republician
Tennessee,TN,4th,Democratic,Steele,/,44628,25.70%,FALSE,Republician
Tennessee,TN,4th,Independent Party,Winton,/,2834,1.60%,FALSE,Republician
Tennessee,TN,4th,Independent Party,Benson,/,1804,1.00%,FALSE,Republician
Tennessee,TN,4th,Independent Party,Jones,/,708,0.40%,FALSE,Republician
Tennessee,TN,4th,Independent Party,Chandler,/,584,0.30%,FALSE,Republician
Tennessee,TN,4th,Independent Party,Magyer,/,454,0.30%,FALSE,Republician
Tennessee,TN,5th,Republician,Ogles,/,123358,55.90%,TRUE,Republician
Tennessee,TN,5th,Democratic,Campbell,/,93375,42.30%,FALSE,Republician
Tennessee,TN,5th,Independent Party,Brantley,/,2083,0.90%,FALSE,Republician
Tennessee,TN,5th,Independent Party,Cooper,/,1125,0.50%,FALSE,Republician
Tennessee,TN,5th,Independent Party,Shannon,/,846,0.40%,FALSE,Republician
Tennessee,TN,6th,Republician,Rose,Incumbent,129311,66.30%,TRUE,Republician
Tennessee,TN,6th,Democratic,Cooper,/,65598,33.70%,FALSE,Republician
Tennessee,TN,7th,Republician,Green,Incumbent,108358,60.00%,TRUE,Republician
Tennessee,TN,7th,Democratic,Kelly,/,68897,38.10%,FALSE,Republician
Tennessee,TN,7th,Independent Party,Hooper,/,3423,1.90%,FALSE,Republician
Tennessee,TN,8th,Republician,Kustoff,Incumbent,156628,73.90%,TRUE,Republician
Tennessee,TN,8th,Democratic,Williams,/,51826,24.40%,FALSE,Republician
Tennessee,TN,8th,Independent Party,Hart,/,2532,1.20%,FALSE,Republician
Tennessee,TN,8th,Independent Party,Henley,/,1062,0.50%,FALSE,Republician
Tennessee,TN,9th,Democratic,Cohen,Incumbent,93755,70.00%,TRUE,Democratic
Tennessee,TN,9th,Republician,Bergmann,/,35112,26.20%,FALSE,Democratic
Tennessee,TN,9th,Independent Party,Flinn,/,3348,2.50%,FALSE,Democratic
Tennessee,TN,9th,Independent Party,Clark,/,1160,0.90%,FALSE,Democratic
Tennessee,TN,9th,Independent Party,Cook,/,484,0.40%,FALSE,Democratic
Texas,TX,1st,Republician,Moran,/,183005,78.10%,TRUE,Republician
Texas,TX,1st,Democratic,Jefferson,/,51288,21.90%,FALSE,Republician
Texas,TX,2nd,Republician,Crenshaw,Incumbent,151369,65.90%,TRUE,Republician
Texas,TX,2nd,Democratic,Fulford,/,78216,34.10%,FALSE,Republician
Texas,TX,3rd,Republician,Self,/,163945,60.60%,TRUE,Republician
Texas,TX,3rd,Democratic,Srivastava,/,99764,36.90%,FALSE,Republician
Texas,TX,3rd,Libertarian Party,Claytor,/,6890,2.50%,FALSE,Republician
Texas,TX,4th,Republician,Fallon,Incumbent,170467,66.80%,TRUE,Republician
Texas,TX,4th,Democratic,Omere,/,78866,30.90%,FALSE,Republician
Texas,TX,4th,Libertarian Party,Simmons,/,6035,2.40%,FALSE,Republician
Texas,TX,5th,Republician,Gooden,Incumbent,135990,64.10%,TRUE,Republician
Texas,TX,5th,Democratic,Hill,/,71770,33.80%,FALSE,Republician
Texas,TX,5th,Libertarian Party,Hale,/,4296,2.00%,FALSE,Republician
Texas,TX,6th,Republician,Ellzey,Incumbent,0,0%,TRUE,Republician
Texas,TX,7th,Democratic,Fletcher,Incumbent,115390,63.80%,TRUE,Democratic
Texas,TX,7th,Republician,Teague,/,65593,36.20%,FALSE,Democratic
Texas,TX,8th,Republician,Luttrell,/,152797,68.10%,TRUE,Republician
Texas,TX,8th,Democratic,Jones,/,68485,30.50%,FALSE,Republician
Texas,TX,8th,Libertarian Party,Eriksen,/,3117,1.40%,FALSE,Republician
Texas,TX,9th,Democratic,Green,Incumbent,124893,76.70%,TRUE,Democratic
Texas,TX,9th,Republician,Leon,/,38019,23.30%,FALSE,Democratic
Texas,TX,10th,Republician,McCaul,Incumbent,158784,63.30%,TRUE,Republician
Texas,TX,10th,Democratic,Nuno,/,86123,34.30%,FALSE,Republician
Texas,TX,10th,Libertarian Party,Kelsey,/,6051,2.40%,FALSE,Republician
Texas,TX,11th,Republician,Pfluger,Incumbent,0,0%,TRUE,Republician
Texas,TX,12th,Republician,Granger,Incumbent,152732,64.30%,TRUE,Republician
Texas,TX,12th,Democratic,Hunt,/,84879,35.70%,FALSE,Republician
Texas,TX,13th,Republician,Jackson,Incumbent,161562,75.40%,TRUE,Republician
Texas,TX,13th,Democratic,Brown,/,52739,24.60%,FALSE,Republician
Texas,TX,14th,Republician,Weber,Incumbent,149317,68.60%,TRUE,Republician
Texas,TX,14th,Democratic,Williams,/,68386,31.40%,FALSE,Republician
Texas,TX,15th,Republician,De La Cruz,/,80869,53.30%,TRUE,Republician
Texas,TX,15th,Democratic,Vallejo,/,67913,44.80%,FALSE,Republician
Texas,TX,15th,Libertarian Party,Leone,/,2808,1.90%,FALSE,Republician
Texas,TX,16th,Democratic,Escobar,Incumbent,94266,63.30%,TRUE,Democratic
Texas,TX,16th,Republician,Armendariz-Jackson,/,54697,36.70%,FALSE,Democratic
Texas,TX,17th,Republician,Sessions,Incumbent,144183,66.50%,TRUE,Republician
Texas,TX,17th,Democratic,Woods,/,72647,33.50%,FALSE,Republician
Texas,TX,18th,Democratic,Jackson Lee,Incumbent,109968,70.70%,TRUE,Democratic
Texas,TX,18th,Republician,Montiel,/,40761,26.20%,FALSE,Democratic
Texas,TX,18th,Independent Party,Duncan,/,2753,1.80%,FALSE,Democratic
Texas,TX,18th,Libertarian Party,Kurtz,/,2044,1.30%,FALSE,Democratic
Texas,TX,19th,Republician,Arrington,Incumbent,152042,80.40%,TRUE,Republician
Texas,TX,19th,Independent Party,Lewis,/,37158,19.60%,FALSE,Republician
Texas,TX,20th,Democratic,Castro,Incumbent,114822,68.40%,TRUE,Democratic
Texas,TX,20th,Republician,Sinclair,/,53059,31.60%,FALSE,Democratic
Texas,TX,21st,Republician,Roy,Incumbent,206786,62.90%,TRUE,Republician
Texas,TX,21st,Democratic,Zapata,/,121936,37.10%,FALSE,Republician
Texas,TX,22nd,Republician,Nehls,Incumbent,149757,62.30%,TRUE,Republician
Texas,TX,22nd,Democratic,Jordan,/,85440,35.50%,FALSE,Republician
Texas,TX,22nd,Libertarian Party,LeBlanc,/,5362,2.20%,FALSE,Republician
Texas,TX,23rd,Republician,Gonzales,Incumbent,116172,55.90%,TRUE,Republician
Texas,TX,23rd,Democratic,Lira,/,80430,38.70%,FALSE,Republician
Texas,TX,23rd,Independent Party,Lopez,/,11123,5.40%,FALSE,Republician
Texas,TX,24th,Republician,Van Duyne,Incumbent,177121,59.80%,TRUE,Republician
Texas,TX,24th,Democratic,McDowell,/,119097,40.20%,FALSE,Republician
Texas,TX,25th,Republician,Williams,Incumbent,0,0%,TRUE,Republician
Texas,TX,26th,Republician,Burgess,Incumbent,183379,69.30%,TRUE,Republician
Texas,TX,26th,Libertarian Party,Kolls,/,81208,30.70%,FALSE,Republician
Texas,TX,27th,Republician,Cloud,Incumbent,133286,64.50%,TRUE,Republician
Texas,TX,27th,Democratic,Perez,/,73370,35.50%,FALSE,Republician
Texas,TX,28th,Democratic,Cuellar,Incumbent,93393,56.60%,TRUE,Democratic
Texas,TX,28th,Republician,Garcia,/,71564,43.40%,FALSE,Democratic
Texas,TX,29th,Democratic,Garcia,Incumbent,71379,71.40%,TRUE,Democratic
Texas,TX,29th,Republician,Schafranek,/,28635,28.60%,FALSE,Democratic
Texas,TX,30th,Democratic,Crockett,/,134011,75.00%,TRUE,Democratic
Texas,TX,30th,Republician,Rodgers,/,39022,21.80%,FALSE,Democratic
Texas,TX,30th,Independent Party,Manning,/,3807,2.10%,FALSE,Democratic
Texas,TX,30th,Libertarian Party,Gray,/,1862,1.00%,FALSE,Democratic
Texas,TX,31st,Republician,Carter,Incumbent,0,0%,TRUE,Republician
Texas,TX,32nd,Democratic,Allred,Incumbent,115350,65.30%,TRUE,Democratic
Texas,TX,32nd,Republician,Swad,/,61232,34.70%,FALSE,Democratic
Texas,TX,33rd,Democratic,Veasey,Incumbent,81764,72.00%,TRUE,Democratic
Texas,TX,33rd,Republician,Gillespie,/,29099,25.60%,FALSE,Democratic
Texas,TX,33rd,Libertarian Party,Ashby,/,2736,2.40%,FALSE,Democratic
Texas,TX,34th,Democratic,Gonzalez,Incumbent,70759,52.70%,TRUE,Democratic
Texas,TX,34th,Republician,Flores,Incumbent,59404,44.30%,FALSE,Democratic
Texas,TX,34th,Independent Party,Royal,/,4076,3.00%,FALSE,Democratic
Texas,TX,35th,Democratic,Casar,/,129084,72.60%,TRUE,Democratic
Texas,TX,35th,Republician,McQueen,/,48831,27.40%,FALSE,Democratic
Texas,TX,36th,Republician,Babin,Incumbent,145142,69.50%,TRUE,Republician
Texas,TX,36th,Democratic,Haire,/,63697,30.50%,FALSE,Republician
Texas,TX,37th,Democratic,Doggett,Incumbent,219149,76.80%,TRUE,Democratic
Texas,TX,37th,Republician,Garcia Sharon,/,59879,21.00%,FALSE,Democratic
Texas,TX,37th,Libertarian Party,Patterson,/,6329,2.20%,FALSE,Democratic
Texas,TX,38th,Republician,Hunt,/,162992,63.00%,TRUE,Republician
Texas,TX,38th,Democratic,Klussmann,/,91768,35.50%,FALSE,Republician
Texas,TX,38th,Independent Party,Dejean,/,3953,1.50%,FALSE,Republician
Utah,UT,1st,Republician,Moore,Incumbent,178434,67.00%,TRUE,Republician
Utah,UT,1st,Democratic,Jones,/,87986,33.00%,FALSE,Republician
Utah,UT,2nd,Republician,Stewart,Incumbent,154883,59.70%,TRUE,Republician
Utah,UT,2nd,Democratic,Mitchell,/,88224,34.00%,FALSE,Republician
Utah,UT,2nd,Other Party,McFarland,/,8622,3.30%,FALSE,Republician
Utah,UT,2nd,Other Party,Easley,/,7670,3.00%,FALSE,Republician
Utah,UT,3rd,Republician,Curtis,Incumbent,182497,64.40%,TRUE,Republician
Utah,UT,3rd,Democratic,Wright,/,83687,29.50%,FALSE,Republician
Utah,UT,3rd,Libertarian Party,Stoddard,/,8287,2.90%,FALSE,Republician
Utah,UT,3rd,Other Party,Cummings,/,4874,1.70%,FALSE,Republician
Utah,UT,3rd,Other Party,Heineman,/,4035,1.40%,FALSE,Republician
Utah,UT,4th,Republician,Owens,Incumbent,155110,61.10%,TRUE,Republician
Utah,UT,4th,Democratic,McDonald,/,82181,32.40%,FALSE,Republician
Utah,UT,4th,Other Party,Walker,/,16740,6.60%,FALSE,Republician
Vermont,VT,At Large,Democratic,Becca Balint,/,175484,62.70%,TRUE,Democratic
Vermont,VT,At Large,Republician,Liam Madden,/,78167,27.90%,FALSE,Democratic
Vermont,VT,At Large,Libertarian Party,Ericka Redic,/,12563,4.50%,FALSE,Democratic
Vermont,VT,At Large,Independent Party,Matt Druzba,/,5686,2.00%,FALSE,Democratic
Vermont,VT,At Large,Independent Party,Luke Talbot,/,4412,1.60%,FALSE,Democratic
Vermont,VT,At Large,Independent Party,Adam Ortiz,/,3370,1.20%,FALSE,Democratic
Virginia,VA,1st,Republician,Wittman,Incumbent,197789,56.50%,TRUE,Republician
Virginia,VA,1st,Democratic,Jones,/,148884,42.50%,FALSE,Republician
Virginia,VA,1st,Independent Party,Foster,/,3391,1.00%,FALSE,Republician
Virginia,VA,2nd,Republician,Kiggans,/,153328,51.70%,TRUE,Republician
Virginia,VA,2nd,Democratic,Luria,Incumbent,143219,48.30%,FALSE,Republician
Virginia,VA,3rd,Democratic,Scott,Incumbent,139659,67.40%,TRUE,Democratic
Virginia,VA,3rd,Republician,Namkung,/,67668,32.60%,FALSE,Democratic
Virginia,VA,4th,Democratic,McEachin,Incumbent,159912,64.40%,TRUE,Democratic
Virginia,VA,4th,Republician,Benjamin,/,88587,35.60%,FALSE,Democratic
Virginia,VA,5th,Republician,Good,Incumbent,177191,57.70%,TRUE,Republician
Virginia,VA,5th,Democratic,Throneburg,/,129996,42.30%,FALSE,Republician
Virginia,VA,6th,Republician,Cline,Incumbent,173352,64.50%,TRUE,Republician
Virginia,VA,6th,Democratic,Lewis,/,95410,35.50%,FALSE,Republician
Virginia,VA,7th,Democratic,Spanberger,Incumbent,143357,52.30%,TRUE,Democratic
Virginia,VA,7th,Republician,Vega,/,130586,47.70%,FALSE,Democratic
Virginia,VA,8th,Democratic,Beyer,Incumbent,197760,73.70%,TRUE,Democratic
Virginia,VA,8th,Republician,Lipsman,/,66589,24.80%,FALSE,Democratic
Virginia,VA,8th,Independent Party,Fikre,/,4078,1.50%,FALSE,Democratic
Virginia,VA,9th,Republician,Griffith,Incumbent,182207,73.40%,TRUE,Republician
Virginia,VA,9th,Democratic,DeVaughan,/,66027,26.60%,FALSE,Republician
Virginia,VA,10th,Democratic,Wexton,Incumbent,157405,53.30%,TRUE,Democratic
Virginia,VA,10th,Republician,Cao,/,138163,46.70%,FALSE,Democratic
Virginia,VA,11th,Democratic,Connolly,Incumbent,193190,66.90%,TRUE,Democratic
Virginia,VA,11th,Republician,Myles,/,95634,33.10%,FALSE,Democratic
Washington,WA,1st,Democratic,DelBene,Incumbent,181992,63.60%,TRUE,Democratic
Washington,WA,1st,Republician,Cavaleri,/,104329,36.40%,FALSE,Democratic
Washington,WA,2nd,Democratic,Larsen,Incumbent,202980,60.20%,TRUE,Democratic
Washington,WA,2nd,Republician,Matthews,/,134335,39.80%,FALSE,Democratic
Washington,WA,3rd,Democratic,Gluesenkamp Perez,/,160314,50.40%,TRUE,Democratic
Washington,WA,3rd,Republician,Kent,/,157685,49.60%,FALSE,Democratic
Washington,WA,4th,Republician,Newhouse,Incumbent,150619,68.10%,TRUE,Republician
Washington,WA,4th,Democratic,White,/,70710,31.90%,FALSE,Republician
Washington,WA,5th,Republician,McMorris Rodgers,Incumbent,188648,59.70%,TRUE,Republician
Washington,WA,5th,Democratic,Hill,/,127585,40.30%,FALSE,Republician
Washington,WA,6th,Democratic,Kilmer,Incumbent,208710,60.10%,TRUE,Democratic
Washington,WA,6th,Republician,Kreiselmaier,/,138754,39.90%,FALSE,Democratic
Washington,WA,7th,Democratic,Jayapal,Incumbent,295998,85.70%,TRUE,Democratic
Washington,WA,7th,Republician,Moon,/,49207,14.30%,FALSE,Democratic
Washington,WA,8th,Democratic,Schrier,Incumbent,179003,53.40%,TRUE,Democratic
Washington,WA,8th,Republician,Larkin,/,155976,46.60%,FALSE,Democratic
Washington,WA,9th,Democratic,Smith,Incumbent,171746,71.70%,TRUE,Democratic
Washington,WA,9th,Republician,Basler,/,67631,28.30%,FALSE,Democratic
Washington,WA,10th,Democratic,Strickland,Incumbent,152544,57.10%,TRUE,Democratic
Washington,WA,10th,Republician,Swank,/,114777,42.90%,FALSE,Democratic
West Virginia,WV,1st,Republician,Miller,Incumbent,151511,66.70%,TRUE,Republician
West Virginia,WV,1st,Democratic,Watson,/,65428,28.80%,FALSE,Republician
West Virginia,WV,1st,Independent Party,Fox-Spencer,/,10257,4.50%,FALSE,Republician
West Virginia,WV,2nd,Republician,Mooney,Incumbent,160493,65.60%,TRUE,Republician
West Virginia,WV,2nd,Democratic,Wendell,/,84278,34.40%,FALSE,Republician
Wisconsin,WI,1st,Republician,Steil,Incumbent,162566,54.10%,TRUE,Republician
Wisconsin,WI,1st,Democratic,Roe,/,135791,45.20%,FALSE,Republician
Wisconsin,WI,1st,Independent Party,Barman,/,2247,0.70%,FALSE,Republician
Wisconsin,WI,2nd,Democratic,Pocan,Incumbent,268740,71.00%,TRUE,Democratic
Wisconsin,WI,2nd,Republician,Olsen,/,101889,26.90%,FALSE,Democratic
Wisconsin,WI,2nd,Independent Party,Alexander,/,7689,2.00%,FALSE,Democratic
Wisconsin,WI,3rd,Republician,Van Orden,/,164633,51.80%,TRUE,Republician
Wisconsin,WI,3rd,Democratic,Pfaff,/,152939,48.20%,FALSE,Republician
Wisconsin,WI,4th,Democratic,Moore,Incumbent,192226,75.40%,TRUE,Democratic
Wisconsin,WI,4th,Republician,Rogers,/,57660,22.60%,FALSE,Democratic
Wisconsin,WI,4th,Independent Party,Raymond,/,5165,2.00%,FALSE,Democratic
Wisconsin,WI,5th,Republician,Fitzgerald,Incumbent,243734,64.40%,TRUE,Republician
Wisconsin,WI,5th,Democratic,Van Someren,/,134572,35.60%,FALSE,Republician
Wisconsin,WI,6th,Republician,Grothman,Incumbent,0,0%,TRUE,Republician
Wisconsin,WI,7th,Republician,Tiffany,Incumbent,209270,61.90%,TRUE,Republician
Wisconsin,WI,7th,Democratic,Ausman,/,128895,38.10%,FALSE,Republician
Wisconsin,WI,8th,Republician,Gallagher,Incumbent,223806,73.50%,TRUE,Republician
Wisconsin,WI,8th,Independent Party,Boucher,/,48757,16.00%,FALSE,Republician
Wisconsin,WI,8th,Libertarian Party,VandenPlas,/,32043,10.50%,FALSE,Republician
Wyoming,WY,At Large,Republician,Harriet Hageman,/,132215,69.80%,TRUE,Republician
Wyoming,WY,At Large,Democratic,Lynnette GreyBull,/,47241,24.90%,FALSE,Republician
Wyoming,WY,At Large,Libertarian Party,Richard Brubaker,/,5420,2.90%,FALSE,Republician
Wyoming,WY,At Large,Other Party,Marissa Selvig,/,4503,2.40%,FALSE,Republician